timestamp,open,high,low,close,volume
2023-05-05 16:00:00,1.97e-06,4.39e-06,1.97e-06,3.73e-06,46108639000543.0
2023-05-06 00:00:00,3.73e-06,3.85e-06,2.53e-06,2.75e-06,38459466227868.0
2023-05-06 08:00:00,2.76e-06,3.18e-06,2.73e-06,2.93e-06,35727040166703.0
2023-05-06 16:00:00,2.93e-06,3.06e-06,2.29e-06,2.63e-06,33998081530976.0
2023-05-07 00:00:00,2.63e-06,2.69e-06,2.41e-06,2.64e-06,20417514830127.0
2023-05-07 08:00:00,2.64e-06,3.1e-06,2.51e-06,2.82e-06,27494727479363.0
2023-05-07 16:00:00,2.81e-06,2.92e-06,2.66e-06,2.79e-06,17165195026997.0
2023-05-08 00:00:00,2.79e-06,2.81e-06,2.22e-06,2.31e-06,27985299744749.0
2023-05-08 08:00:00,2.31e-06,2.39e-06,2.02e-06,2.12e-06,40127606739140.0
2023-05-08 16:00:00,2.12e-06,2.18e-06,1.54e-06,1.94e-06,72124554083492.0
2023-05-09 00:00:00,1.95e-06,2.06e-06,1.77e-06,2.04e-06,23789647233266.0
2023-05-09 08:00:00,2.05e-06,2.14e-06,1.79e-06,1.84e-06,34892113587703.0
2023-05-09 16:00:00,1.84e-06,2.06e-06,1.73e-06,2.01e-06,25726761607267.0
2023-05-10 00:00:00,2.01e-06,2.13e-06,1.87e-06,1.93e-06,19589644963557.0
2023-05-10 08:00:00,1.93e-06,2.03e-06,1.82e-06,1.89e-06,22280931135025.0
2023-05-10 16:00:00,1.89e-06,1.98e-06,1.69e-06,1.93e-06,20506032373431.0
2023-05-11 00:00:00,1.93e-06,1.94e-06,1.65e-06,1.7e-06,16207507969430.0
2023-05-11 08:00:00,1.69e-06,1.7e-06,1.52e-06,1.58e-06,38423921574289.0
2023-05-11 16:00:00,1.58e-06,1.62e-06,1.25e-06,1.4e-06,47846774525181.0
2023-05-12 00:00:00,1.4e-06,1.41e-06,1.05e-06,1.24e-06,60805344906395.0
2023-05-12 08:00:00,1.24e-06,1.32e-06,1.16e-06,1.18e-06,42747062515042.0
2023-05-12 16:00:00,1.19e-06,1.9e-06,1.15e-06,1.75e-06,79564783050303.0
2023-05-13 00:00:00,1.75e-06,1.76e-06,1.54e-06,1.63e-06,29991996139987.0
2023-05-13 08:00:00,1.64e-06,2.08e-06,1.61e-06,1.95e-06,87800894610119.0
2023-05-13 16:00:00,1.95e-06,1.99e-06,1.71e-06,1.87e-06,43052426789326.0
2023-05-14 00:00:00,1.87e-06,1.95e-06,1.75e-06,1.93e-06,22894866331855.0
2023-05-14 08:00:00,1.93e-06,1.94e-06,1.74e-06,1.82e-06,25827926616877.0
2023-05-14 16:00:00,1.82e-06,1.9e-06,1.74e-06,1.78e-06,19607838633613.0
2023-05-15 00:00:00,1.79e-06,1.79e-06,1.61e-06,1.74e-06,22618199049938.0
2023-05-15 08:00:00,1.74e-06,1.74e-06,1.61e-06,1.64e-06,19209816499548.0
2023-05-15 16:00:00,1.64e-06,1.77e-06,1.63e-06,1.73e-06,19335960752475.0
2023-05-16 00:00:00,1.73e-06,1.82e-06,1.66e-06,1.7e-06,18411700960144.0
2023-05-16 08:00:00,1.7e-06,1.73e-06,1.64e-06,1.73e-06,15220984552722.0
2023-05-16 16:00:00,1.73e-06,1.75e-06,1.66e-06,1.67e-06,12787369994471.0
2023-05-17 00:00:00,1.67e-06,1.69e-06,1.56e-06,1.58e-06,14688461965758.0
2023-05-17 08:00:00,1.58e-06,1.58e-06,1.46e-06,1.53e-06,23572804269388.0
2023-05-17 16:00:00,1.52e-06,1.65e-06,1.49e-06,1.57e-06,20567869793477.0
2023-05-18 00:00:00,1.58e-06,1.61e-06,1.5e-06,1.57e-06,13191227851508.0
2023-05-18 08:00:00,1.58e-06,1.64e-06,1.55e-06,1.55e-06,17222330536308.0
2023-05-18 16:00:00,1.56e-06,1.61e-06,1.5e-06,1.59e-06,16187845195774.0
2023-05-19 00:00:00,1.58e-06,1.59e-06,1.51e-06,1.52e-06,7223856004730.0
2023-05-19 08:00:00,1.52e-06,1.55e-06,1.47e-06,1.51e-06,13813556074785.0
2023-05-19 16:00:00,1.52e-06,1.54e-06,1.5e-06,1.53e-06,6149492923236.0
2023-05-20 00:00:00,1.52e-06,1.54e-06,1.5e-06,1.53e-06,5115537047795.0
2023-05-20 08:00:00,1.54e-06,1.62e-06,1.52e-06,1.58e-06,14511363564467.0
2023-05-20 16:00:00,1.57e-06,1.93e-06,1.56e-06,1.72e-06,41530718683324.0
2023-05-21 00:00:00,1.71e-06,1.76e-06,1.65e-06,1.72e-06,13876845232649.0
2023-05-21 08:00:00,1.72e-06,1.74e-06,1.6e-06,1.62e-06,17689884245415.0
2023-05-21 16:00:00,1.62e-06,1.64e-06,1.56e-06,1.59e-06,10972132431916.0
2023-05-22 00:00:00,1.59e-06,1.6e-06,1.52e-06,1.57e-06,8964681852404.0
2023-05-22 08:00:00,1.57e-06,1.6e-06,1.51e-06,1.54e-06,10652414415894.0
2023-05-22 16:00:00,1.54e-06,1.55e-06,1.51e-06,1.52e-06,6226432894830.0
2023-05-23 00:00:00,1.52e-06,1.67e-06,1.51e-06,1.57e-06,13507599630043.0
2023-05-23 08:00:00,1.58e-06,1.63e-06,1.56e-06,1.61e-06,9274107711094.0
2023-05-23 16:00:00,1.61e-06,1.62e-06,1.57e-06,1.59e-06,5382089284938.0
2023-05-24 00:00:00,1.59e-06,1.6e-06,1.45e-06,1.47e-06,12669371518621.0
2023-05-24 08:00:00,1.48e-06,1.51e-06,1.31e-06,1.39e-06,23191174565044.0
2023-05-24 16:00:00,1.39e-06,1.49e-06,1.37e-06,1.43e-06,15125079733587.0
2023-05-25 00:00:00,1.43e-06,1.45e-06,1.34e-06,1.39e-06,11180113289980.0
2023-05-25 08:00:00,1.39e-06,1.47e-06,1.38e-06,1.41e-06,13512232453685.0
2023-05-25 16:00:00,1.42e-06,1.46e-06,1.41e-06,1.43e-06,7025591708925.0
2023-05-26 00:00:00,1.43e-06,1.48e-06,1.38e-06,1.45e-06,11135626324634.0
2023-05-26 08:00:00,1.46e-06,1.47e-06,1.42e-06,1.46e-06,8266838235300.0
2023-05-26 16:00:00,1.46e-06,1.49e-06,1.44e-06,1.46e-06,5939161542450.0
2023-05-27 00:00:00,1.45e-06,1.54e-06,1.43e-06,1.49e-06,7085604370215.0
2023-05-27 08:00:00,1.49e-06,1.52e-06,1.48e-06,1.48e-06,7549496582414.0
2023-05-27 16:00:00,1.48e-06,1.52e-06,1.48e-06,1.52e-06,5107666104391.0
2023-05-28 00:00:00,1.52e-06,1.54e-06,1.41e-06,1.46e-06,8000188440067.0
2023-05-28 08:00:00,1.47e-06,1.48e-06,1.43e-06,1.45e-06,6410901914535.0
2023-05-28 16:00:00,1.46e-06,1.52e-06,1.44e-06,1.49e-06,6778069350994.0
2023-05-29 00:00:00,1.5e-06,1.52e-06,1.43e-06,1.45e-06,6463419848748.0
2023-05-29 08:00:00,1.45e-06,1.47e-06,1.42e-06,1.43e-06,6549268867965.0
2023-05-29 16:00:00,1.42e-06,1.45e-06,1.42e-06,1.44e-06,4665719686830.0
2023-05-30 00:00:00,1.44e-06,1.44e-06,1.32e-06,1.36e-06,7578724739665.0
2023-05-30 08:00:00,1.36e-06,1.39e-06,1.35e-06,1.36e-06,5977621948842.0
2023-05-30 16:00:00,1.36e-06,1.37e-06,1.23e-06,1.3e-06,12902768981521.0
2023-05-31 00:00:00,1.3e-06,1.32e-06,1.25e-06,1.26e-06,8273324135600.0
2023-05-31 08:00:00,1.26e-06,1.27e-06,1.21e-06,1.22e-06,10098806102028.0
2023-05-31 16:00:00,1.22e-06,1.29e-06,1.19e-06,1.26e-06,10539753211657.0
2023-06-01 00:00:00,1.27e-06,1.29e-06,1.21e-06,1.26e-06,5983384759839.0
2023-06-01 08:00:00,1.26e-06,1.33e-06,1.24e-06,1.29e-06,11943616539983.0
2023-06-01 16:00:00,1.29e-06,1.31e-06,1.22e-06,1.25e-06,6976625565860.0
2023-06-02 00:00:00,1.24e-06,1.29e-06,1.23e-06,1.27e-06,5168661015274.0
2023-06-02 08:00:00,1.26e-06,1.28e-06,1.24e-06,1.27e-06,5013382664604.0
2023-06-02 16:00:00,1.27e-06,1.31e-06,1.24e-06,1.29e-06,5049703429396.0
2023-06-03 00:00:00,1.29e-06,1.31e-06,1.26e-06,1.3e-06,5596491675933.0
2023-06-03 08:00:00,1.29e-06,1.35e-06,1.29e-06,1.32e-06,11853036915673.0
2023-06-03 16:00:00,1.32e-06,1.33e-06,1.27e-06,1.3e-06,4572853796519.0
2023-06-04 00:00:00,1.3e-06,1.3e-06,1.25e-06,1.28e-06,3247256742404.0
2023-06-04 08:00:00,1.28e-06,1.29e-06,1.25e-06,1.26e-06,5183312565774.0
2023-06-04 16:00:00,1.26e-06,1.27e-06,1.21e-06,1.23e-06,7278095790441.0
2023-06-05 00:00:00,1.23e-06,1.24e-06,1.17e-06,1.19e-06,8616595459066.0
2023-06-05 08:00:00,1.2e-06,1.2e-06,1.01e-06,1.01e-06,13897734755762.0
2023-06-05 16:00:00,1.01e-06,1.05e-06,9.5e-07,1.03e-06,26752514757915.0
2023-06-06 00:00:00,1.03e-06,1.05e-06,1e-06,1e-06,7659220778606.0
2023-06-06 08:00:00,1e-06,1.22e-06,9.6e-07,1.2e-06,35350454150168.0
2023-06-06 16:00:00,1.21e-06,1.26e-06,1.16e-06,1.2e-06,25114444474501.0
2023-06-07 00:00:00,1.2e-06,1.22e-06,1.12e-06,1.15e-06,11974918315224.0
2023-06-07 08:00:00,1.15e-06,1.16e-06,1.06e-06,1.07e-06,17706347299828.0
2023-06-07 16:00:00,1.07e-06,1.1e-06,1.04e-06,1.07e-06,8257009527560.0
2023-06-08 00:00:00,1.07e-06,1.1e-06,1.03e-06,1.08e-06,7627507828226.0
2023-06-08 08:00:00,1.09e-06,1.14e-06,1.08e-06,1.12e-06,8638331093826.0
2023-06-08 16:00:00,1.12e-06,1.12e-06,1.07e-06,1.08e-06,3847734759133.0
2023-06-09 00:00:00,1.09e-06,1.1e-06,1.05e-06,1.09e-06,6322966334351.0
2023-06-09 08:00:00,1.09e-06,1.2e-06,1.09e-06,1.14e-06,18819372914832.0
2023-06-09 16:00:00,1.14e-06,1.18e-06,1.12e-06,1.14e-06,8681385371738.0
2023-06-10 00:00:00,1.13e-06,1.14e-06,8.7e-07,9.2e-07,31173127704963.0
2023-06-10 08:00:00,9.3e-07,9.7e-07,8.8e-07,9e-07,21207898205307.0
2023-06-10 16:00:00,9e-07,9.6e-07,8.8e-07,9.4e-07,12855095507720.0
2023-06-11 00:00:00,9.3e-07,9.4e-07,9e-07,9.3e-07,4807726099080.0
2023-06-11 08:00:00,9.3e-07,9.5e-07,9e-07,9.2e-07,8737892500585.0
2023-06-11 16:00:00,9.1e-07,9.5e-07,8.8e-07,9.2e-07,7535464515197.0
2023-06-12 00:00:00,9.1e-07,9.2e-07,8.4e-07,8.8e-07,8631878579658.0
2023-06-12 08:00:00,8.8e-07,9.5e-07,8.7e-07,8.9e-07,8635232984709.0
2023-06-12 16:00:00,9e-07,9.2e-07,8.8e-07,9.1e-07,5052619254324.0
2023-06-13 00:00:00,9e-07,9.3e-07,8.8e-07,9.2e-07,11499722141222.0
2023-06-13 08:00:00,9.2e-07,9.9e-07,9e-07,9e-07,19454227603614.0
2023-06-13 16:00:00,9.1e-07,9.3e-07,9e-07,9.1e-07,4078247136076.0
2023-06-14 00:00:00,9.2e-07,9.4e-07,9.1e-07,9.2e-07,4335765678133.0
2023-06-14 08:00:00,9.2e-07,9.4e-07,9.1e-07,9.2e-07,5141127298294.0
2023-06-14 16:00:00,9.3e-07,9.7e-07,8.6e-07,8.8e-07,14525374589729.0
2023-06-15 00:00:00,8.9e-07,8.9e-07,8.2e-07,8.5e-07,6159153141371.0
2023-06-15 08:00:00,8.5e-07,8.7e-07,8.3e-07,8.6e-07,7646404014447.0
2023-06-15 16:00:00,8.5e-07,9.3e-07,8.4e-07,8.9e-07,10041620783424.0
2023-06-16 00:00:00,8.9e-07,9.5e-07,8.8e-07,9.4e-07,9884596002016.0
2023-06-16 08:00:00,9.4e-07,9.5e-07,8.7e-07,9.2e-07,14570174211368.0
2023-06-16 16:00:00,9.2e-07,1.05e-06,9.1e-07,9.6e-07,21291988375380.0
2023-06-17 00:00:00,9.7e-07,1.03e-06,9.4e-07,9.8e-07,11157061997926.0
2023-06-17 08:00:00,9.7e-07,1.03e-06,9.7e-07,1e-06,11735102328428.0
2023-06-17 16:00:00,1.01e-06,1.05e-06,9.9e-07,1e-06,8506352275078.0
2023-06-18 00:00:00,1e-06,1.01e-06,9.6e-07,9.9e-07,5574479209751.0
2023-06-18 08:00:00,9.8e-07,9.9e-07,9.6e-07,9.7e-07,5140651506946.0
2023-06-18 16:00:00,9.6e-07,9.9e-07,9.2e-07,9.4e-07,5220271693120.0
2023-06-19 00:00:00,9.3e-07,9.5e-07,9.2e-07,9.3e-07,6809216867926.0
2023-06-19 08:00:00,9.4e-07,9.4e-07,9.1e-07,9.3e-07,4792675070947.0
2023-06-19 16:00:00,9.3e-07,9.6e-07,9.1e-07,9.4e-07,6442513331086.0
2023-06-20 00:00:00,9.5e-07,9.6e-07,9.2e-07,9.4e-07,9379084198081.0
2023-06-20 08:00:00,9.3e-07,9.5e-07,9.1e-07,9.3e-07,6108929567386.0
2023-06-20 16:00:00,9.3e-07,1.09e-06,9.2e-07,1.07e-06,19017607770564.0
2023-06-21 00:00:00,1.07e-06,1.11e-06,1.03e-06,1.07e-06,20979114498076.0
2023-06-21 08:00:00,1.06e-06,1.26e-06,1.05e-06,1.25e-06,34350589272543.0
2023-06-21 16:00:00,1.25e-06,1.47e-06,1.23e-06,1.38e-06,73780198807586.0
2023-06-22 00:00:00,1.38e-06,1.56e-06,1.36e-06,1.43e-06,45122204952319.0
2023-06-22 08:00:00,1.44e-06,1.68e-06,1.4e-06,1.55e-06,72965487269001.0
2023-06-22 16:00:00,1.55e-06,1.69e-06,1.52e-06,1.55e-06,52045053792277.0
2023-06-23 00:00:00,1.54e-06,1.61e-06,1.5e-06,1.56e-06,19231156062549.0
2023-06-23 08:00:00,1.56e-06,1.75e-06,1.45e-06,1.72e-06,40244667676432.0
2023-06-23 16:00:00,1.72e-06,1.79e-06,1.6e-06,1.65e-06,39822491647027.0
2023-06-24 00:00:00,1.65e-06,1.66e-06,1.57e-06,1.58e-06,14207784766923.0
2023-06-24 08:00:00,1.58e-06,1.76e-06,1.51e-06,1.54e-06,36516845278258.0
2023-06-24 16:00:00,1.55e-06,1.58e-06,1.49e-06,1.55e-06,16753447342729.0
2023-06-25 00:00:00,1.55e-06,1.68e-06,1.52e-06,1.6e-06,16340408554612.0
2023-06-25 08:00:00,1.6e-06,1.64e-06,1.54e-06,1.56e-06,13984770677624.0
2023-06-25 16:00:00,1.57e-06,1.66e-06,1.54e-06,1.61e-06,18712647416961.0
2023-06-26 00:00:00,1.61e-06,1.63e-06,1.49e-06,1.55e-06,16767078058580.0
2023-06-26 08:00:00,1.55e-06,1.63e-06,1.52e-06,1.58e-06,13643499572701.0
2023-06-26 16:00:00,1.58e-06,1.59e-06,1.47e-06,1.51e-06,17266432108669.0
2023-06-27 00:00:00,1.5e-06,1.6e-06,1.49e-06,1.58e-06,9445653039232.0
2023-06-27 08:00:00,1.58e-06,1.67e-06,1.56e-06,1.6e-06,26754383201185.0
2023-06-27 16:00:00,1.6e-06,1.64e-06,1.59e-06,1.61e-06,6303809250789.0
2023-06-28 00:00:00,1.62e-06,1.62e-06,1.5e-06,1.52e-06,10691900689201.0
2023-06-28 08:00:00,1.52e-06,1.55e-06,1.48e-06,1.52e-06,14145981069798.0
2023-06-28 16:00:00,1.52e-06,1.54e-06,1.36e-06,1.42e-06,12426011773232.0
2023-06-29 00:00:00,1.42e-06,1.46e-06,1.4e-06,1.45e-06,5854989969923.0
2023-06-29 08:00:00,1.45e-06,1.63e-06,1.44e-06,1.53e-06,23477700374942.0
2023-06-29 16:00:00,1.54e-06,1.58e-06,1.52e-06,1.54e-06,9269245801141.0
2023-06-30 00:00:00,1.54e-06,1.69e-06,1.5e-06,1.6e-06,23222734753596.0
2023-06-30 08:00:00,1.61e-06,1.71e-06,1.45e-06,1.55e-06,43709145611417.0
2023-06-30 16:00:00,1.56e-06,1.69e-06,1.53e-06,1.62e-06,20475626345516.0
2023-07-01 00:00:00,1.62e-06,1.64e-06,1.54e-06,1.56e-06,11522941115105.0
2023-07-01 08:00:00,1.57e-06,1.59e-06,1.55e-06,1.57e-06,6370025076512.0
2023-07-01 16:00:00,1.58e-06,1.58e-06,1.51e-06,1.56e-06,4114284016259.0
2023-07-02 00:00:00,1.56e-06,1.56e-06,1.48e-06,1.54e-06,5590744468258.0
2023-07-02 08:00:00,1.54e-06,1.58e-06,1.52e-06,1.55e-06,7425335824393.0
2023-07-02 16:00:00,1.54e-06,1.62e-06,1.53e-06,1.58e-06,6516141798600.0
2023-07-03 00:00:00,1.58e-06,1.68e-06,1.56e-06,1.66e-06,9812318109000.0
2023-07-03 08:00:00,1.66e-06,1.9e-06,1.65e-06,1.83e-06,51938802818822.0
2023-07-03 16:00:00,1.84e-06,1.86e-06,1.76e-06,1.84e-06,14123246762096.0
2023-07-04 00:00:00,1.83e-06,1.89e-06,1.71e-06,1.74e-06,20698132975444.0
2023-07-04 08:00:00,1.75e-06,1.79e-06,1.69e-06,1.72e-06,10636705876743.0
2023-07-04 16:00:00,1.73e-06,1.76e-06,1.69e-06,1.71e-06,8970179924941.0
2023-07-05 00:00:00,1.71e-06,1.77e-06,1.7e-06,1.73e-06,4942770371164.0
2023-07-05 08:00:00,1.74e-06,1.74e-06,1.6e-06,1.62e-06,17057076514793.0
2023-07-05 16:00:00,1.62e-06,1.67e-06,1.62e-06,1.66e-06,5779750634679.0
2023-07-06 00:00:00,1.65e-06,1.73e-06,1.63e-06,1.7e-06,6810060417696.0
2023-07-06 08:00:00,1.71e-06,1.79e-06,1.56e-06,1.63e-06,26996262256771.0
2023-07-06 16:00:00,1.63e-06,1.64e-06,1.53e-06,1.54e-06,9809640823341.0
2023-07-07 00:00:00,1.54e-06,1.59e-06,1.5e-06,1.51e-06,9127279827065.0
2023-07-07 08:00:00,1.51e-06,1.6e-06,1.5e-06,1.58e-06,12118373474343.0
2023-07-07 16:00:00,1.58e-06,1.59e-06,1.54e-06,1.57e-06,5139004601706.0
2023-07-08 00:00:00,1.57e-06,1.6e-06,1.55e-06,1.57e-06,3716851785349.0
2023-07-08 08:00:00,1.57e-06,1.59e-06,1.52e-06,1.54e-06,3865899537713.0
2023-07-08 16:00:00,1.53e-06,1.57e-06,1.51e-06,1.56e-06,3345468218814.0
2023-07-09 00:00:00,1.56e-06,1.59e-06,1.55e-06,1.57e-06,3471893311834.0
2023-07-09 08:00:00,1.57e-06,1.58e-06,1.52e-06,1.55e-06,3935022471265.0
2023-07-09 16:00:00,1.56e-06,1.56e-06,1.53e-06,1.54e-06,1584669912606.0
2023-07-10 00:00:00,1.54e-06,1.55e-06,1.43e-06,1.46e-06,14149039458098.0
2023-07-10 08:00:00,1.46e-06,1.52e-06,1.44e-06,1.51e-06,6388223090992.0
2023-07-10 16:00:00,1.5e-06,1.59e-06,1.49e-06,1.51e-06,8328294353811.0
2023-07-11 00:00:00,1.52e-06,1.54e-06,1.48e-06,1.53e-06,3616690375915.0
2023-07-11 08:00:00,1.52e-06,1.53e-06,1.48e-06,1.51e-06,4668328710671.0
2023-07-11 16:00:00,1.5e-06,1.52e-06,1.48e-06,1.51e-06,3076505226693.0
2023-07-12 00:00:00,1.51e-06,1.56e-06,1.49e-06,1.53e-06,5715379597250.0
2023-07-12 08:00:00,1.54e-06,1.57e-06,1.52e-06,1.52e-06,6415667951640.0
2023-07-12 16:00:00,1.53e-06,1.53e-06,1.48e-06,1.5e-06,3689504094909.0
2023-07-13 00:00:00,1.51e-06,1.52e-06,1.46e-06,1.49e-06,4081836529197.0
2023-07-13 08:00:00,1.48e-06,1.57e-06,1.48e-06,1.54e-06,6092984633344.0
2023-07-13 16:00:00,1.54e-06,1.77e-06,1.53e-06,1.72e-06,32865478602989.0
2023-07-14 00:00:00,1.72e-06,1.85e-06,1.69e-06,1.73e-06,26044210849178.0
2023-07-14 08:00:00,1.72e-06,1.88e-06,1.72e-06,1.83e-06,16267988977515.0
2023-07-14 16:00:00,1.82e-06,1.88e-06,1.55e-06,1.64e-06,29151559974491.0
2023-07-15 00:00:00,1.65e-06,1.69e-06,1.61e-06,1.69e-06,6845743662674.0
2023-07-15 08:00:00,1.68e-06,1.71e-06,1.64e-06,1.67e-06,7404778120800.0
2023-07-15 16:00:00,1.67e-06,1.69e-06,1.63e-06,1.65e-06,4661321374918.0
2023-07-16 00:00:00,1.64e-06,1.67e-06,1.58e-06,1.62e-06,3677476662051.0
2023-07-16 08:00:00,1.62e-06,1.65e-06,1.6e-06,1.62e-06,4177669242490.0
2023-07-16 16:00:00,1.62e-06,1.63e-06,1.55e-06,1.57e-06,3624492588858.0
2023-07-17 00:00:00,1.57e-06,1.59e-06,1.51e-06,1.57e-06,5390261112391.0
2023-07-17 08:00:00,1.57e-06,1.6e-06,1.51e-06,1.57e-06,6083107696060.0
2023-07-17 16:00:00,1.57e-06,1.61e-06,1.51e-06,1.58e-06,6186318678443.0
2023-07-18 00:00:00,1.58e-06,1.6e-06,1.52e-06,1.53e-06,3571468676600.0
2023-07-18 08:00:00,1.53e-06,1.55e-06,1.48e-06,1.52e-06,6487373413771.0
2023-07-18 16:00:00,1.52e-06,1.54e-06,1.48e-06,1.52e-06,3409326146313.0
2023-07-19 00:00:00,1.52e-06,1.58e-06,1.5e-06,1.55e-06,4206493097636.0
2023-07-19 08:00:00,1.54e-06,1.56e-06,1.52e-06,1.54e-06,3719835514020.0
2023-07-19 16:00:00,1.55e-06,1.56e-06,1.52e-06,1.52e-06,3427044488435.0
2023-07-20 00:00:00,1.53e-06,1.56e-06,1.51e-06,1.55e-06,2421314230634.0
2023-07-20 08:00:00,1.56e-06,1.58e-06,1.49e-06,1.52e-06,6900310188327.0
2023-07-20 16:00:00,1.51e-06,1.52e-06,1.46e-06,1.51e-06,3583072654367.0
2023-07-21 00:00:00,1.51e-06,1.53e-06,1.48e-06,1.5e-06,2239089250817.0
2023-07-21 08:00:00,1.5e-06,1.54e-06,1.48e-06,1.53e-06,9208996646151.0
2023-07-21 16:00:00,1.53e-06,1.55e-06,1.51e-06,1.53e-06,2626752123546.0
2023-07-22 00:00:00,1.52e-06,1.55e-06,1.51e-06,1.54e-06,1494347627961.0
2023-07-22 08:00:00,1.53e-06,1.54e-06,1.51e-06,1.53e-06,1935506853168.0
2023-07-22 16:00:00,1.52e-06,1.53e-06,1.47e-06,1.49e-06,2702744336396.0
2023-07-23 00:00:00,1.49e-06,1.51e-06,1.46e-06,1.5e-06,1995674616033.0
2023-07-23 08:00:00,1.49e-06,1.51e-06,1.48e-06,1.5e-06,1407155207287.0
2023-07-23 16:00:00,1.5e-06,1.54e-06,1.49e-06,1.51e-06,2642663395419.0
2023-07-24 00:00:00,1.51e-06,1.51e-06,1.44e-06,1.47e-06,3008630668768.0
2023-07-24 08:00:00,1.48e-06,1.48e-06,1.28e-06,1.34e-06,16527285940836.0
2023-07-24 16:00:00,1.34e-06,1.35e-06,1.32e-06,1.35e-06,4375879655882.0
2023-07-25 00:00:00,1.35e-06,1.36e-06,1.28e-06,1.32e-06,4780207928791.0
2023-07-25 08:00:00,1.32e-06,1.35e-06,1.31e-06,1.32e-06,4671734130686.0
2023-07-25 16:00:00,1.31e-06,1.33e-06,1.29e-06,1.3e-06,3868733083009.0
2023-07-26 00:00:00,1.31e-06,1.32e-06,1.25e-06,1.26e-06,8166829636866.0
2023-07-26 08:00:00,1.27e-06,1.32e-06,1.22e-06,1.31e-06,6938908780301.0
2023-07-26 16:00:00,1.31e-06,1.39e-06,1.27e-06,1.33e-06,12897567974552.0
2023-07-27 00:00:00,1.34e-06,1.37e-06,1.31e-06,1.36e-06,4242230191843.0
2023-07-27 08:00:00,1.36e-06,1.45e-06,1.35e-06,1.36e-06,12066597298725.0
2023-07-27 16:00:00,1.36e-06,1.38e-06,1.31e-06,1.35e-06,4263309810340.0
2023-07-28 00:00:00,1.34e-06,1.36e-06,1.29e-06,1.32e-06,4101493327481.0
2023-07-28 08:00:00,1.31e-06,1.38e-06,1.31e-06,1.35e-06,5245946561119.0
2023-07-28 16:00:00,1.35e-06,1.37e-06,1.32e-06,1.33e-06,2629788595462.0
2023-07-29 00:00:00,1.34e-06,1.36e-06,1.33e-06,1.33e-06,1629782540034.0
2023-07-29 08:00:00,1.33e-06,1.35e-06,1.32e-06,1.33e-06,1746931145780.0
2023-07-29 16:00:00,1.33e-06,1.36e-06,1.33e-06,1.35e-06,1571014201030.0
2023-07-30 00:00:00,1.34e-06,1.35e-06,1.32e-06,1.33e-06,1172231480880.0
2023-07-30 08:00:00,1.32e-06,1.34e-06,1.31e-06,1.32e-06,3887617678370.0
2023-07-30 16:00:00,1.33e-06,1.34e-06,1.24e-06,1.3e-06,5729733767871.0
2023-07-31 00:00:00,1.29e-06,1.33e-06,1.28e-06,1.28e-06,2515603667447.0
2023-07-31 08:00:00,1.28e-06,1.3e-06,1.26e-06,1.27e-06,3684825148627.0
2023-07-31 16:00:00,1.27e-06,1.28e-06,1.2e-06,1.24e-06,5911843308778.0
2023-08-01 00:00:00,1.23e-06,1.28e-06,1.17e-06,1.22e-06,6983129261719.0
2023-08-01 08:00:00,1.22e-06,1.25e-06,1.2e-06,1.23e-06,5774946204616.0
2023-08-01 16:00:00,1.22e-06,1.31e-06,1.22e-06,1.3e-06,4433650387885.0
2023-08-02 00:00:00,1.31e-06,1.32e-06,1.25e-06,1.25e-06,8650365336757.0
2023-08-02 08:00:00,1.26e-06,1.27e-06,1.22e-06,1.24e-06,7477665946844.0
2023-08-02 16:00:00,1.24e-06,1.24e-06,1.2e-06,1.22e-06,4145234001291.0
2023-08-03 00:00:00,1.21e-06,1.24e-06,1.19e-06,1.2e-06,2270321481231.0
2023-08-03 08:00:00,1.21e-06,1.23e-06,1.19e-06,1.22e-06,2773026852760.0
2023-08-03 16:00:00,1.21e-06,1.24e-06,1.19e-06,1.2e-06,2576460976438.0
2023-08-04 00:00:00,1.2e-06,1.21e-06,1.19e-06,1.21e-06,1154490131142.0
2023-08-04 08:00:00,1.21e-06,1.23e-06,1.19e-06,1.21e-06,2901696443604.0
2023-08-04 16:00:00,1.21e-06,1.22e-06,1.11e-06,1.16e-06,9942542819282.0
2023-08-05 00:00:00,1.16e-06,1.16e-06,1.12e-06,1.14e-06,3715871599280.0
2023-08-05 08:00:00,1.14e-06,1.18e-06,1.13e-06,1.16e-06,5298739335268.0
2023-08-05 16:00:00,1.15e-06,1.17e-06,1.14e-06,1.15e-06,2578887970876.0
2023-08-06 00:00:00,1.16e-06,1.18e-06,1.14e-06,1.17e-06,4335987249944.0
2023-08-06 08:00:00,1.16e-06,1.17e-06,1.12e-06,1.14e-06,3626724587304.0
2023-08-06 16:00:00,1.14e-06,1.18e-06,1.13e-06,1.15e-06,2398267096676.0
2023-08-07 00:00:00,1.16e-06,1.2e-06,1.15e-06,1.15e-06,4331295814451.0
2023-08-07 08:00:00,1.16e-06,1.17e-06,1.1e-06,1.1e-06,5578739232486.0
2023-08-07 16:00:00,1.11e-06,1.13e-06,1.05e-06,1.11e-06,8927200787497.0
2023-08-08 00:00:00,1.11e-06,1.12e-06,1.1e-06,1.1e-06,2606728340923.0
2023-08-08 08:00:00,1.1e-06,1.14e-06,1.1e-06,1.13e-06,6110354652997.0
2023-08-08 16:00:00,1.13e-06,1.23e-06,1.12e-06,1.17e-06,23869131604879.0
2023-08-09 00:00:00,1.17e-06,1.25e-06,1.17e-06,1.24e-06,9236606750678.0
2023-08-09 08:00:00,1.24e-06,1.29e-06,1.22e-06,1.24e-06,19782424564191.0
2023-08-09 16:00:00,1.24e-06,1.25e-06,1.2e-06,1.24e-06,10814105945727.0
2023-08-10 00:00:00,1.23e-06,1.25e-06,1.21e-06,1.22e-06,2764063950596.0
2023-08-10 08:00:00,1.23e-06,1.27e-06,1.21e-06,1.25e-06,7703402470106.0
2023-08-10 16:00:00,1.26e-06,1.26e-06,1.23e-06,1.24e-06,2252177881724.0
2023-08-11 00:00:00,1.24e-06,1.27e-06,1.23e-06,1.25e-06,2485400130980.0
2023-08-11 08:00:00,1.26e-06,1.26e-06,1.22e-06,1.24e-06,3444095692127.0
2023-08-11 16:00:00,1.23e-06,1.26e-06,1.21e-06,1.25e-06,2393723122721.0
2023-08-12 00:00:00,1.24e-06,1.35e-06,1.24e-06,1.33e-06,10480630210518.0
2023-08-12 08:00:00,1.34e-06,1.37e-06,1.32e-06,1.33e-06,9639028268674.0
2023-08-12 16:00:00,1.34e-06,1.36e-06,1.32e-06,1.36e-06,3851816619430.0
2023-08-13 00:00:00,1.36e-06,1.36e-06,1.32e-06,1.33e-06,2120463255235.0
2023-08-13 08:00:00,1.33e-06,1.43e-06,1.33e-06,1.38e-06,12044353687203.0
2023-08-13 16:00:00,1.38e-06,1.42e-06,1.36e-06,1.36e-06,6163580400732.0
2023-08-14 00:00:00,1.36e-06,1.45e-06,1.32e-06,1.43e-06,10303167946562.0
2023-08-14 08:00:00,1.43e-06,1.45e-06,1.38e-06,1.42e-06,9209954622464.0
2023-08-14 16:00:00,1.42e-06,1.47e-06,1.36e-06,1.4e-06,7419345271263.0
2023-08-15 00:00:00,1.4e-06,1.41e-06,1.36e-06,1.37e-06,5152860137678.0
2023-08-15 08:00:00,1.38e-06,1.39e-06,1.31e-06,1.34e-06,9634352985590.0
2023-08-15 16:00:00,1.34e-06,1.35e-06,1.23e-06,1.26e-06,8906243934883.0
2023-08-16 00:00:00,1.27e-06,1.28e-06,1.23e-06,1.27e-06,5023900162546.0
2023-08-16 08:00:00,1.27e-06,1.27e-06,1.19e-06,1.21e-06,9345097455552.0
2023-08-16 16:00:00,1.21e-06,1.24e-06,1.13e-06,1.16e-06,12803320716028.0
2023-08-17 00:00:00,1.17e-06,1.22e-06,1.13e-06,1.2e-06,9360854343497.0
2023-08-17 08:00:00,1.2e-06,1.23e-06,1.13e-06,1.15e-06,10892682252789.0
2023-08-17 16:00:00,1.15e-06,1.19e-06,9.4e-07,1.08e-06,26526411175373.0
2023-08-18 00:00:00,1.09e-06,1.12e-06,1.05e-06,1.11e-06,7320726538445.0
2023-08-18 08:00:00,1.1e-06,1.12e-06,1.07e-06,1.08e-06,6157877731220.0
2023-08-18 16:00:00,1.08e-06,1.1e-06,1.04e-06,1.08e-06,8518385943607.0
2023-08-19 00:00:00,1.08e-06,1.13e-06,1.08e-06,1.1e-06,4988090319922.0
2023-08-19 08:00:00,1.1e-06,1.14e-06,1.09e-06,1.13e-06,4522111663644.0
2023-08-19 16:00:00,1.13e-06,1.15e-06,1.11e-06,1.13e-06,5273982301716.0
2023-08-20 00:00:00,1.14e-06,1.15e-06,1.1e-06,1.12e-06,2252891947234.0
2023-08-20 08:00:00,1.11e-06,1.14e-06,1.1e-06,1.12e-06,4407362878226.0
2023-08-20 16:00:00,1.12e-06,1.14e-06,1.1e-06,1.12e-06,1657858491077.0
2023-08-21 00:00:00,1.12e-06,1.13e-06,1.11e-06,1.12e-06,2110250108207.0
2023-08-21 08:00:00,1.11e-06,1.12e-06,1.04e-06,1.05e-06,8097391768071.0
2023-08-21 16:00:00,1.06e-06,1.1e-06,1.05e-06,1.09e-06,2546342593280.0
2023-08-22 00:00:00,1.09e-06,1.09e-06,1.07e-06,1.08e-06,2043224233737.0
2023-08-22 08:00:00,1.08e-06,1.09e-06,1.04e-06,1.06e-06,4127176881487.0
2023-08-22 16:00:00,1.06e-06,1.08e-06,1e-06,1.08e-06,7268577668763.0
2023-08-23 00:00:00,1.07e-06,1.09e-06,1.05e-06,1.06e-06,5197395530637.0
2023-08-23 08:00:00,1.06e-06,1.09e-06,1.04e-06,1.08e-06,3938092402235.0
2023-08-23 16:00:00,1.08e-06,1.13e-06,1.07e-06,1.11e-06,6491622285000.0
2023-08-24 00:00:00,1.11e-06,1.11e-06,1.09e-06,1.1e-06,1786749366861.0
2023-08-24 08:00:00,1.09e-06,1.11e-06,1.05e-06,1.06e-06,4692637987465.0
2023-08-24 16:00:00,1.06e-06,1.08e-06,9.1e-07,9.5e-07,32337236852641.0
2023-08-25 00:00:00,9.5e-07,9.5e-07,7.8e-07,8.6e-07,40908404424530.0
2023-08-25 08:00:00,8.6e-07,9.3e-07,8.6e-07,8.9e-07,24390564782585.0
2023-08-25 16:00:00,8.9e-07,9e-07,8.4e-07,8.8e-07,12295203347225.0
2023-08-26 00:00:00,8.9e-07,9.7e-07,8.5e-07,9e-07,20055342737039.0
2023-08-26 08:00:00,9e-07,9.1e-07,8.6e-07,8.7e-07,9892956560846.0
2023-08-26 16:00:00,8.8e-07,8.9e-07,8.6e-07,8.6e-07,4948599749925.0
2023-08-27 00:00:00,8.7e-07,9.1e-07,8.6e-07,9e-07,4994240826216.0
2023-08-27 08:00:00,8.9e-07,9.2e-07,8.8e-07,9e-07,7949479368845.0
2023-08-27 16:00:00,8.9e-07,9.1e-07,8.8e-07,9e-07,3067886133084.0
2023-08-28 00:00:00,8.9e-07,9.1e-07,8.6e-07,8.7e-07,5825027496308.0
2023-08-28 08:00:00,8.7e-07,9e-07,8.6e-07,8.9e-07,6766110406771.0
2023-08-28 16:00:00,8.8e-07,8.9e-07,8.3e-07,8.6e-07,5881508640433.0
2023-08-29 00:00:00,8.6e-07,8.7e-07,8.2e-07,8.3e-07,5086562562068.0
2023-08-29 08:00:00,8.4e-07,9e-07,8.1e-07,8.8e-07,17840320292121.0
2023-08-29 16:00:00,8.7e-07,9.1e-07,8.7e-07,9e-07,10147607769367.0
2023-08-30 00:00:00,9e-07,9e-07,8.6e-07,8.8e-07,3957385781205.0
2023-08-30 08:00:00,8.8e-07,8.9e-07,8.5e-07,8.6e-07,7324157591676.0
2023-08-30 16:00:00,8.7e-07,8.7e-07,8.6e-07,8.6e-07,1337948190790.0
2023-08-31 00:00:00,8.6e-07,8.8e-07,8.5e-07,8.6e-07,1977324644673.0
2023-08-31 08:00:00,8.7e-07,8.8e-07,8.2e-07,8.4e-07,7007868634875.0
2023-08-31 16:00:00,8.4e-07,8.4e-07,7.9e-07,8e-07,9767663467418.0
2023-09-01 00:00:00,8.1e-07,8.2e-07,8e-07,8.2e-07,2917180573358.0
2023-09-01 08:00:00,8.1e-07,8.3e-07,7.9e-07,8e-07,6223797526078.0
2023-09-01 16:00:00,8e-07,8.1e-07,7.5e-07,7.7e-07,10808391482902.0
2023-09-02 00:00:00,7.8e-07,8e-07,7.7e-07,7.9e-07,3804448545995.0
2023-09-02 08:00:00,7.9e-07,8e-07,7.7e-07,7.8e-07,4479197519906.0
2023-09-02 16:00:00,7.9e-07,8e-07,7.6e-07,7.8e-07,3515966792587.0
2023-09-03 00:00:00,7.8e-07,8e-07,7.7e-07,7.9e-07,1815719928544.0
2023-09-03 08:00:00,7.9e-07,8e-07,7.7e-07,7.8e-07,2291785990741.0
2023-09-03 16:00:00,7.8e-07,8.1e-07,7.7e-07,8e-07,3431864155950.0
2023-09-04 00:00:00,8e-07,8.3e-07,7.9e-07,8e-07,3857481637821.0
2023-09-04 08:00:00,8.1e-07,8.3e-07,7.8e-07,7.8e-07,5673555263925.0
2023-09-04 16:00:00,7.8e-07,8.1e-07,7.8e-07,8e-07,2946756824217.0
2023-09-05 00:00:00,8e-07,8.1e-07,7.8e-07,7.9e-07,1791335616508.0
2023-09-05 08:00:00,7.9e-07,8.2e-07,7.8e-07,8.1e-07,5657451946569.0
2023-09-05 16:00:00,8.1e-07,8.2e-07,7.8e-07,8.1e-07,2603854080821.0
2023-09-06 00:00:00,8e-07,8.1e-07,7.9e-07,7.9e-07,3237771798062.0
2023-09-06 08:00:00,7.9e-07,8e-07,7.7e-07,7.8e-07,4167088693326.0
2023-09-06 16:00:00,7.9e-07,8.1e-07,7.7e-07,7.9e-07,4337389852917.0
2023-09-07 00:00:00,8e-07,8.1e-07,7.9e-07,7.9e-07,2018309405091.0
2023-09-07 08:00:00,7.9e-07,8e-07,7.8e-07,8e-07,2963278774259.0
2023-09-07 16:00:00,8e-07,8.2e-07,7.9e-07,8.1e-07,3274043848601.0
2023-09-08 00:00:00,8.1e-07,8.2e-07,7.9e-07,8e-07,2836917118678.0
2023-09-08 08:00:00,8e-07,8.1e-07,7.8e-07,7.8e-07,3418400616383.0
2023-09-08 16:00:00,7.8e-07,8.1e-07,7.7e-07,7.9e-07,3894132226166.0
2023-09-09 00:00:00,8e-07,8e-07,7.8e-07,7.8e-07,1449772616115.0
2023-09-09 08:00:00,7.9e-07,7.9e-07,7.8e-07,7.9e-07,1055921396564.0
2023-09-09 16:00:00,7.8e-07,8e-07,7.8e-07,7.8e-07,1777914787822.0
2023-09-10 00:00:00,7.8e-07,7.9e-07,6.9e-07,7.4e-07,8229547355531.0
2023-09-10 08:00:00,7.3e-07,7.4e-07,7e-07,7.1e-07,4728500127809.0
2023-09-10 16:00:00,7.1e-07,7.2e-07,6.9e-07,7e-07,4131463719042.0
2023-09-11 00:00:00,7.1e-07,7.1e-07,6.8e-07,7e-07,3676859153118.0
2023-09-11 08:00:00,6.9e-07,7e-07,6.5e-07,6.6e-07,10406993812684.0
2023-09-11 16:00:00,6.7e-07,6.8e-07,6.4e-07,6.7e-07,4829602192178.0
2023-09-12 00:00:00,6.7e-07,7e-07,6.6e-07,6.8e-07,4292371717166.0
2023-09-12 08:00:00,6.9e-07,7.1e-07,6.7e-07,6.8e-07,5544864701327.0
2023-09-12 16:00:00,6.8e-07,7e-07,6.6e-07,6.7e-07,3200757588914.0
2023-09-13 00:00:00,6.7e-07,7e-07,6.5e-07,6.7e-07,4069186193106.0
2023-09-13 08:00:00,6.6e-07,6.9e-07,6.6e-07,6.8e-07,4338493204325.0
2023-09-13 16:00:00,6.9e-07,6.9e-07,6.6e-07,6.8e-07,2093429730388.0
2023-09-14 00:00:00,6.8e-07,7e-07,6.7e-07,6.8e-07,2264342121509.0
2023-09-14 08:00:00,6.7e-07,6.9e-07,6.7e-07,6.9e-07,2589875264533.0
2023-09-14 16:00:00,6.9e-07,6.9e-07,6.7e-07,6.9e-07,1691392343486.0
2023-09-15 00:00:00,6.9e-07,6.9e-07,6.6e-07,6.7e-07,2834936053916.0
2023-09-15 08:00:00,6.6e-07,6.8e-07,6.5e-07,6.6e-07,3682727006556.0
2023-09-15 16:00:00,6.6e-07,6.9e-07,6.6e-07,6.9e-07,2883676912720.0
2023-09-16 00:00:00,6.8e-07,7.1e-07,6.7e-07,6.8e-07,4977751393786.0
2023-09-16 08:00:00,6.8e-07,6.9e-07,6.7e-07,6.7e-07,2372544914440.0
2023-09-16 16:00:00,6.8e-07,6.8e-07,6.7e-07,6.7e-07,652370999719.0
2023-09-17 00:00:00,6.7e-07,6.8e-07,6.5e-07,6.6e-07,3328310926664.0
2023-09-17 08:00:00,6.6e-07,6.7e-07,6.5e-07,6.6e-07,2402890556306.0
2023-09-17 16:00:00,6.6e-07,6.7e-07,6e-07,6.2e-07,8488197337829.0
2023-09-18 00:00:00,6.3e-07,6.4e-07,6.1e-07,6.3e-07,4299063694258.0
2023-09-18 08:00:00,6.4e-07,6.5e-07,6.2e-07,6.4e-07,5348027213321.0
2023-09-18 16:00:00,6.4e-07,6.5e-07,6.2e-07,6.2e-07,3230837234060.0
2023-09-19 00:00:00,6.3e-07,6.4e-07,6.2e-07,6.4e-07,1814101990074.0
2023-09-19 08:00:00,6.3e-07,6.5e-07,6.3e-07,6.4e-07,4882055538627.0
2023-09-19 16:00:00,6.5e-07,6.5e-07,6.3e-07,6.5e-07,1777945095033.0
2023-09-20 00:00:00,6.5e-07,6.5e-07,6.2e-07,6.3e-07,3822047072225.0
2023-09-20 08:00:00,6.3e-07,6.4e-07,6.1e-07,6.3e-07,3972923019160.0
2023-09-20 16:00:00,6.2e-07,6.4e-07,6.1e-07,6.3e-07,3611006244251.0
2023-09-21 00:00:00,6.3e-07,6.4e-07,6.2e-07,6.2e-07,2451259508316.0
2023-09-21 08:00:00,6.2e-07,6.3e-07,6e-07,6.1e-07,4648014645622.0
2023-09-21 16:00:00,6.2e-07,6.2e-07,6e-07,6.2e-07,1451862266253.0
2023-09-22 00:00:00,6.2e-07,6.2e-07,6e-07,6.1e-07,920974230896.0
2023-09-22 08:00:00,6.2e-07,7.1e-07,6.1e-07,7e-07,19766145164707.0
2023-09-22 16:00:00,7e-07,7.4e-07,6.9e-07,7.1e-07,17908046779446.0
2023-09-23 00:00:00,7.1e-07,7.4e-07,6.7e-07,6.9e-07,11686070136513.0
2023-09-23 08:00:00,6.9e-07,7e-07,6.6e-07,6.6e-07,8845985890796.0
2023-09-23 16:00:00,6.7e-07,6.9e-07,6.6e-07,6.8e-07,3869933364589.0
2023-09-24 00:00:00,6.8e-07,6.9e-07,6.5e-07,6.6e-07,3705936239482.0
2023-09-24 08:00:00,6.7e-07,6.9e-07,6.6e-07,6.8e-07,3293392843654.0
2023-09-24 16:00:00,6.8e-07,7e-07,6.6e-07,6.7e-07,4566933873728.0
2023-09-25 00:00:00,6.7e-07,7e-07,6.6e-07,6.9e-07,4188644454045.0
2023-09-25 08:00:00,7e-07,7.2e-07,6.7e-07,6.9e-07,5867562984194.0
2023-09-25 16:00:00,7e-07,7.2e-07,6.9e-07,7.1e-07,7169276367740.0
2023-09-26 00:00:00,7.1e-07,7.3e-07,7e-07,7.2e-07,4533892412900.0
2023-09-26 08:00:00,7.1e-07,7.2e-07,6.9e-07,7e-07,3457188875731.0
2023-09-26 16:00:00,7e-07,7.1e-07,6.8e-07,6.9e-07,2130760797300.0
2023-09-27 00:00:00,7e-07,7.2e-07,6.9e-07,7.1e-07,2662198541228.0
2023-09-27 08:00:00,7.1e-07,7.7e-07,7e-07,7.4e-07,15002808350132.0
2023-09-27 16:00:00,7.4e-07,7.5e-07,7.2e-07,7.3e-07,4251825399941.0
2023-09-28 00:00:00,7.3e-07,7.6e-07,7.2e-07,7.3e-07,3820467046024.0
2023-09-28 08:00:00,7.4e-07,7.4e-07,7e-07,7.3e-07,5807582456972.0
2023-09-28 16:00:00,7.2e-07,7.4e-07,7.1e-07,7.4e-07,4235897306373.0
2023-09-29 00:00:00,7.4e-07,8.3e-07,7.2e-07,8.1e-07,15505423292652.0
2023-09-29 08:00:00,8e-07,8.1e-07,7.6e-07,7.8e-07,8120374782202.0
2023-09-29 16:00:00,7.9e-07,8e-07,7.7e-07,8e-07,3670134840327.0
2023-09-30 00:00:00,8e-07,8.1e-07,7.7e-07,7.9e-07,4723994313561.0
2023-09-30 08:00:00,7.9e-07,8e-07,7.6e-07,7.8e-07,5524737062432.0
2023-09-30 16:00:00,7.8e-07,8.2e-07,7.7e-07,8e-07,7436729474829.0
2023-10-01 00:00:00,7.9e-07,8.1e-07,7.8e-07,8e-07,3021316775724.0
2023-10-01 08:00:00,8e-07,8.1e-07,7.8e-07,7.9e-07,5926843264146.0
2023-10-01 16:00:00,7.9e-07,8.3e-07,7.7e-07,8.2e-07,6973526043539.0
2023-10-02 00:00:00,8.1e-07,8.4e-07,7.9e-07,8.3e-07,6071705511889.0
2023-10-02 08:00:00,8.3e-07,8.5e-07,7.8e-07,7.9e-07,8569354947149.0
2023-10-02 16:00:00,7.9e-07,8e-07,7e-07,7.5e-07,12239991159916.0
2023-10-03 00:00:00,7.5e-07,7.5e-07,7.3e-07,7.5e-07,3207953529195.0
2023-10-03 08:00:00,7.5e-07,7.5e-07,7.2e-07,7.3e-07,4805487064143.0
2023-10-03 16:00:00,7.2e-07,7.4e-07,7.1e-07,7.3e-07,3051951144770.0
2023-10-04 00:00:00,7.2e-07,7.3e-07,6.9e-07,7.1e-07,3800327260911.0
2023-10-04 08:00:00,7.1e-07,7.3e-07,7e-07,7.1e-07,3828283217837.0
2023-10-04 16:00:00,7e-07,7.3e-07,7e-07,7.2e-07,2067666002988.0
2023-10-05 00:00:00,7.1e-07,7.3e-07,7e-07,7.2e-07,1968471570166.0
2023-10-05 08:00:00,7.2e-07,7.4e-07,7e-07,7.2e-07,5368066436977.0
2023-10-05 16:00:00,7.1e-07,7.2e-07,6.9e-07,7e-07,2635594414060.0
2023-10-06 00:00:00,7e-07,7.2e-07,6.9e-07,7.1e-07,1661787171988.0
2023-10-06 08:00:00,7.1e-07,7.3e-07,6.8e-07,7.2e-07,6206856341492.0
2023-10-06 16:00:00,7.2e-07,7.3e-07,7.1e-07,7.2e-07,2392488769341.0
2023-10-07 00:00:00,7.3e-07,7.3e-07,7.1e-07,7.2e-07,1346598196512.0
2023-10-07 08:00:00,7.1e-07,7.2e-07,7e-07,7.1e-07,1136958587784.0
2023-10-07 16:00:00,7e-07,7.2e-07,6.9e-07,7.1e-07,1676354871852.0
2023-10-08 00:00:00,7.1e-07,7.2e-07,6.9e-07,7.1e-07,1268410166648.0
2023-10-08 08:00:00,7e-07,7.1e-07,6.9e-07,7.1e-07,2689202583438.0
2023-10-08 16:00:00,7.1e-07,7.2e-07,6.9e-07,7.1e-07,2480545905831.0
2023-10-09 00:00:00,7.2e-07,7.2e-07,6.9e-07,6.9e-07,1494258797485.0
2023-10-09 08:00:00,6.9e-07,7e-07,6.4e-07,6.6e-07,5655554133849.0
2023-10-09 16:00:00,6.6e-07,6.7e-07,6.4e-07,6.7e-07,2202843808745.0
2023-10-10 00:00:00,6.7e-07,6.7e-07,6.6e-07,6.7e-07,1492607834957.0
2023-10-10 08:00:00,6.7e-07,6.7e-07,6.5e-07,6.5e-07,2535953684835.0
2023-10-10 16:00:00,6.5e-07,6.6e-07,6.3e-07,6.5e-07,1566898073251.0
2023-10-11 00:00:00,6.4e-07,6.6e-07,6.2e-07,6.4e-07,5215978742937.0
2023-10-11 08:00:00,6.4e-07,6.6e-07,6.3e-07,6.3e-07,2530090489191.0
2023-10-11 16:00:00,6.3e-07,6.4e-07,6.2e-07,6.4e-07,2537225441135.0
2023-10-12 00:00:00,6.4e-07,6.4e-07,6.2e-07,6.4e-07,1142324855515.0
2023-10-12 08:00:00,6.4e-07,6.4e-07,6.1e-07,6.3e-07,3237389476499.0
2023-10-12 16:00:00,6.2e-07,6.3e-07,6.1e-07,6.2e-07,2490692637287.0
2023-10-13 00:00:00,6.3e-07,6.4e-07,6.2e-07,6.4e-07,2134966786787.0
2023-10-13 08:00:00,6.4e-07,6.4e-07,6.2e-07,6.3e-07,1825406586243.0
2023-10-13 16:00:00,6.4e-07,6.7e-07,6.3e-07,6.5e-07,4320473560539.0
2023-10-14 00:00:00,6.4e-07,6.6e-07,6.4e-07,6.4e-07,1041213144887.0
2023-10-14 08:00:00,6.4e-07,6.6e-07,6.4e-07,6.6e-07,954925386004.0
2023-10-14 16:00:00,6.6e-07,6.6e-07,6.4e-07,6.4e-07,1145187530087.0
2023-10-15 00:00:00,6.4e-07,6.8e-07,6.3e-07,6.6e-07,2709944493387.0
2023-10-15 08:00:00,6.7e-07,6.9e-07,6.5e-07,6.5e-07,6133457236831.0
2023-10-15 16:00:00,6.6e-07,6.8e-07,6.5e-07,6.6e-07,2544284896297.0
2023-10-16 00:00:00,6.6e-07,7e-07,6.6e-07,6.8e-07,3033523122421.0
2023-10-16 08:00:00,6.9e-07,7.2e-07,6.6e-07,6.7e-07,7979067571257.0
2023-10-16 16:00:00,6.6e-07,6.9e-07,6.6e-07,6.7e-07,3365806038564.0
2023-10-17 00:00:00,6.7e-07,6.8e-07,6.6e-07,6.7e-07,2125824166974.0
2023-10-17 08:00:00,6.7e-07,6.7e-07,6.3e-07,6.5e-07,3668594815780.0
2023-10-17 16:00:00,6.4e-07,6.5e-07,6.3e-07,6.4e-07,4361981363623.0
2023-10-18 00:00:00,6.4e-07,6.5e-07,6.2e-07,6.3e-07,3526918523797.0
2023-10-18 08:00:00,6.3e-07,6.4e-07,6.2e-07,6.4e-07,2074946737693.0
2023-10-18 16:00:00,6.3e-07,6.5e-07,6.2e-07,6.3e-07,2125175355256.0
2023-10-19 00:00:00,6.3e-07,6.4e-07,6.2e-07,6.2e-07,1565057409711.0
2023-10-19 08:00:00,6.2e-07,6.4e-07,6.1e-07,6.4e-07,3186221123863.0
2023-10-19 16:00:00,6.4e-07,6.4e-07,6.2e-07,6.3e-07,2244397396363.0
2023-10-20 00:00:00,6.3e-07,6.6e-07,6.2e-07,6.4e-07,4086595375944.0
2023-10-20 08:00:00,6.5e-07,6.7e-07,6.4e-07,6.4e-07,5767897111681.0
2023-10-20 16:00:00,6.5e-07,6.6e-07,6.4e-07,6.5e-07,2110096257392.0
2023-10-21 00:00:00,6.6e-07,6.8e-07,6.5e-07,6.6e-07,3399179471734.0
2023-10-21 08:00:00,6.7e-07,7.1e-07,6.6e-07,7e-07,9988048896090.0
2023-10-21 16:00:00,7e-07,7.3e-07,6.9e-07,7e-07,7472731342405.0
2023-10-22 00:00:00,6.9e-07,7.1e-07,6.8e-07,6.9e-07,4415262899665.0
2023-10-22 08:00:00,6.9e-07,7.6e-07,6.8e-07,7.3e-07,14589897066439.0
2023-10-22 16:00:00,7.3e-07,7.6e-07,7.3e-07,7.4e-07,5751522693772.0
2023-10-23 00:00:00,7.4e-07,7.8e-07,7.3e-07,7.3e-07,8378467255878.0
2023-10-23 08:00:00,7.4e-07,7.5e-07,7.2e-07,7.5e-07,8306650203533.0
2023-10-23 16:00:00,7.5e-07,1.03e-06,7.3e-07,1e-06,29065665716023.0
2023-10-24 00:00:00,1.01e-06,1.06e-06,8.6e-07,9.2e-07,58842742664124.0
2023-10-24 08:00:00,9.1e-07,1.03e-06,9e-07,9.2e-07,30183126003099.0
2023-10-24 16:00:00,9.2e-07,9.6e-07,8.9e-07,9.3e-07,15581590276964.0
2023-10-25 00:00:00,9.3e-07,9.8e-07,9.1e-07,9.2e-07,10475631606355.0
2023-10-25 08:00:00,9.2e-07,1.25e-06,9.1e-07,1.22e-06,55922124889226.0
2023-10-25 16:00:00,1.22e-06,1.24e-06,1.12e-06,1.2e-06,28944560472480.0
2023-10-26 00:00:00,1.21e-06,1.28e-06,1.15e-06,1.21e-06,26210350368142.0
2023-10-26 08:00:00,1.22e-06,1.27e-06,1.12e-06,1.17e-06,34134294017817.0
2023-10-26 16:00:00,1.16e-06,1.36e-06,1.15e-06,1.29e-06,28663548536251.0
2023-10-27 00:00:00,1.29e-06,1.29e-06,1.16e-06,1.18e-06,22632543274265.0
2023-10-27 08:00:00,1.19e-06,1.24e-06,1.17e-06,1.2e-06,17131126282021.0
2023-10-27 16:00:00,1.19e-06,1.22e-06,1.1e-06,1.16e-06,13536647693280.0
2023-10-28 00:00:00,1.17e-06,1.23e-06,1.16e-06,1.2e-06,6878734325263.0
2023-10-28 08:00:00,1.2e-06,1.26e-06,1.17e-06,1.19e-06,9989208433280.0
2023-10-28 16:00:00,1.19e-06,1.19e-06,1.11e-06,1.14e-06,6020590845399.0
2023-10-29 00:00:00,1.14e-06,1.16e-06,1.12e-06,1.15e-06,4184404454897.0
2023-10-29 08:00:00,1.14e-06,1.16e-06,1.13e-06,1.14e-06,6993538643304.0
2023-10-29 16:00:00,1.15e-06,1.16e-06,1.1e-06,1.14e-06,7790631304359.0
2023-10-30 00:00:00,1.14e-06,1.19e-06,1.13e-06,1.14e-06,6841202668148.0
2023-10-30 08:00:00,1.13e-06,1.23e-06,1.13e-06,1.21e-06,15569438581531.0
2023-10-30 16:00:00,1.21e-06,1.21e-06,1.14e-06,1.18e-06,6481175250188.0
2023-10-31 00:00:00,1.17e-06,1.21e-06,1.15e-06,1.16e-06,6874794658797.0
2023-10-31 08:00:00,1.16e-06,1.2e-06,1.09e-06,1.12e-06,13348696393816.0
2023-10-31 16:00:00,1.12e-06,1.18e-06,1.11e-06,1.14e-06,4340289234237.0
2023-11-01 00:00:00,1.15e-06,1.18e-06,1.1e-06,1.12e-06,5005496760462.0
2023-11-01 08:00:00,1.13e-06,1.17e-06,1.09e-06,1.11e-06,8582551434504.0
2023-11-01 16:00:00,1.11e-06,1.23e-06,1.1e-06,1.19e-06,14802865525269.0
2023-11-02 00:00:00,1.19e-06,1.21e-06,1.13e-06,1.15e-06,9130039718213.0
2023-11-02 08:00:00,1.15e-06,1.16e-06,1.1e-06,1.11e-06,10659849475262.0
2023-11-02 16:00:00,1.11e-06,1.12e-06,1.05e-06,1.1e-06,10168058284491.0
2023-11-03 00:00:00,1.1e-06,1.1e-06,1.02e-06,1.05e-06,7526792027418.0
2023-11-03 08:00:00,1.05e-06,1.1e-06,1.03e-06,1.08e-06,9317047630143.0
2023-11-03 16:00:00,1.08e-06,1.1e-06,1.06e-06,1.08e-06,3453376263632.0
2023-11-04 00:00:00,1.08e-06,1.15e-06,1.06e-06,1.12e-06,7495137095568.0
2023-11-04 08:00:00,1.11e-06,1.13e-06,1.08e-06,1.08e-06,4863197406003.0
2023-11-04 16:00:00,1.08e-06,1.13e-06,1.08e-06,1.11e-06,2783109383797.0
2023-11-05 00:00:00,1.12e-06,1.14e-06,1.1e-06,1.12e-06,4193677002324.0
2023-11-05 08:00:00,1.13e-06,1.15e-06,1.08e-06,1.1e-06,7130392528363.0
2023-11-05 16:00:00,1.1e-06,1.13e-06,1.08e-06,1.12e-06,5158832187024.0
2023-11-06 00:00:00,1.12e-06,1.21e-06,1.1e-06,1.14e-06,13284211410087.0
2023-11-06 08:00:00,1.15e-06,1.19e-06,1.13e-06,1.16e-06,7988949063328.0
2023-11-06 16:00:00,1.16e-06,1.22e-06,1.15e-06,1.2e-06,7110795561547.0
2023-11-07 00:00:00,1.2e-06,1.21e-06,1.14e-06,1.16e-06,5018846203946.0
2023-11-07 08:00:00,1.16e-06,1.18e-06,1.09e-06,1.12e-06,8259771814200.0
2023-11-07 16:00:00,1.12e-06,1.19e-06,1.08e-06,1.17e-06,7721554904735.0
2023-11-08 00:00:00,1.17e-06,1.19e-06,1.15e-06,1.17e-06,3663353700777.0
2023-11-08 08:00:00,1.17e-06,1.18e-06,1.14e-06,1.14e-06,4972326730995.0
2023-11-08 16:00:00,1.14e-06,1.2e-06,1.14e-06,1.19e-06,6942401194011.0
2023-11-09 00:00:00,1.19e-06,1.36e-06,1.17e-06,1.3e-06,22940024858721.0
2023-11-09 08:00:00,1.3e-06,1.46e-06,1.25e-06,1.4e-06,26478528277141.0
2023-11-09 16:00:00,1.4e-06,1.42e-06,1.16e-06,1.33e-06,39818366153408.0
2023-11-10 00:00:00,1.34e-06,1.37e-06,1.27e-06,1.29e-06,13325413173631.0
2023-11-10 08:00:00,1.28e-06,1.32e-06,1.22e-06,1.29e-06,13374164782447.0
2023-11-10 16:00:00,1.29e-06,1.36e-06,1.28e-06,1.35e-06,8969654816722.0
2023-11-11 00:00:00,1.35e-06,1.39e-06,1.24e-06,1.26e-06,12734682921732.0
2023-11-11 08:00:00,1.27e-06,1.34e-06,1.25e-06,1.31e-06,7408786633310.0
2023-11-11 16:00:00,1.32e-06,1.34e-06,1.26e-06,1.28e-06,8200029699598.0
2023-11-12 00:00:00,1.28e-06,1.3e-06,1.21e-06,1.26e-06,15399228390424.0
2023-11-12 08:00:00,1.27e-06,1.27e-06,1.18e-06,1.24e-06,11549381155679.0
2023-11-12 16:00:00,1.24e-06,1.25e-06,1.2e-06,1.23e-06,6034326683581.0
2023-11-13 00:00:00,1.23e-06,1.26e-06,1.15e-06,1.18e-06,8739882194611.0
2023-11-13 08:00:00,1.18e-06,1.21e-06,1.16e-06,1.19e-06,10910000920073.0
2023-11-13 16:00:00,1.19e-06,1.3e-06,1.16e-06,1.16e-06,27859601961208.0
2023-11-14 00:00:00,1.16e-06,1.2e-06,1.11e-06,1.19e-06,10404189345100.0
2023-11-14 08:00:00,1.2e-06,1.2e-06,1.14e-06,1.18e-06,10019461573469.0
2023-11-14 16:00:00,1.18e-06,1.19e-06,1.09e-06,1.15e-06,6203497883798.0
2023-11-15 00:00:00,1.15e-06,1.18e-06,1.14e-06,1.18e-06,3291254120110.0
2023-11-15 08:00:00,1.17e-06,1.23e-06,1.17e-06,1.23e-06,8078309912780.0
2023-11-15 16:00:00,1.22e-06,1.29e-06,1.19e-06,1.26e-06,12666072551207.0
2023-11-16 00:00:00,1.25e-06,1.32e-06,1.22e-06,1.24e-06,11889574948039.0
2023-11-16 08:00:00,1.25e-06,1.26e-06,1.14e-06,1.17e-06,18274857256492.0
2023-11-16 16:00:00,1.16e-06,1.18e-06,1.11e-06,1.14e-06,10261923675067.0
2023-11-17 00:00:00,1.14e-06,1.18e-06,1.14e-06,1.14e-06,4406426191733.0
2023-11-17 08:00:00,1.14e-06,1.17e-06,1.09e-06,1.1e-06,10186201773773.0
2023-11-17 16:00:00,1.1e-06,1.16e-06,1.09e-06,1.16e-06,3839946404605.0
2023-11-18 00:00:00,1.16e-06,1.16e-06,1.09e-06,1.13e-06,3707272508694.0
2023-11-18 08:00:00,1.12e-06,1.15e-06,1.1e-06,1.14e-06,2857964632205.0
2023-11-18 16:00:00,1.14e-06,1.15e-06,1.13e-06,1.15e-06,2534104276209.0
2023-11-19 00:00:00,1.15e-06,1.15e-06,1.11e-06,1.13e-06,2811992844130.0
2023-11-19 08:00:00,1.13e-06,1.15e-06,1.12e-06,1.14e-06,2788315451955.0
2023-11-19 16:00:00,1.14e-06,1.2e-06,1.12e-06,1.19e-06,7229031192520.0
2023-11-20 00:00:00,1.19e-06,1.25e-06,1.15e-06,1.2e-06,13516709895622.0
2023-11-20 08:00:00,1.21e-06,1.22e-06,1.17e-06,1.19e-06,5218307003385.0
2023-11-20 16:00:00,1.2e-06,1.21e-06,1.12e-06,1.14e-06,9552147169688.0
2023-11-21 00:00:00,1.13e-06,1.15e-06,1.1e-06,1.11e-06,7347930745846.0
2023-11-21 08:00:00,1.1e-06,1.13e-06,1.05e-06,1.1e-06,7054165854078.0
2023-11-21 16:00:00,1.11e-06,1.13e-06,1.03e-06,1.03e-06,11716505282127.0
2023-11-22 00:00:00,1.03e-06,1.09e-06,1.03e-06,1.06e-06,5478354326635.0
2023-11-22 08:00:00,1.06e-06,1.1e-06,1.06e-06,1.08e-06,5025354399807.0
2023-11-22 16:00:00,1.08e-06,1.12e-06,1.07e-06,1.1e-06,3367410384585.0
2023-11-23 00:00:00,1.11e-06,1.13e-06,1.1e-06,1.12e-06,3013608225541.0
2023-11-23 08:00:00,1.12e-06,1.14e-06,1.06e-06,1.07e-06,3721499812747.0
2023-11-23 16:00:00,1.07e-06,1.09e-06,1.06e-06,1.07e-06,2574753630817.0
2023-11-24 00:00:00,1.06e-06,1.11e-06,1.06e-06,1.11e-06,2438661998462.0
2023-11-24 08:00:00,1.1e-06,1.14e-06,1.1e-06,1.14e-06,4550011968019.0
2023-11-24 16:00:00,1.14e-06,1.14e-06,1.09e-06,1.1e-06,2983667785557.0
2023-11-25 00:00:00,1.11e-06,1.14e-06,1.09e-06,1.14e-06,2890728064222.0
2023-11-25 08:00:00,1.13e-06,1.14e-06,1.1e-06,1.12e-06,3667610130256.0
2023-11-25 16:00:00,1.13e-06,1.2e-06,1.12e-06,1.18e-06,6774346602271.0
2023-11-26 00:00:00,1.18e-06,1.19e-06,1.15e-06,1.16e-06,3284361277739.0
2023-11-26 08:00:00,1.16e-06,1.18e-06,1.12e-06,1.12e-06,6386793340440.0
2023-11-26 16:00:00,1.13e-06,1.14e-06,1.08e-06,1.11e-06,6748286303743.0
2023-11-27 00:00:00,1.11e-06,1.13e-06,1.06e-06,1.09e-06,5592271142893.0
2023-11-27 08:00:00,1.08e-06,1.1e-06,1.04e-06,1.05e-06,5929052087524.0
2023-11-27 16:00:00,1.06e-06,1.09e-06,1.04e-06,1.09e-06,4886035898679.0
2023-11-28 00:00:00,1.09e-06,1.09e-06,1.03e-06,1.05e-06,3535125116908.0
2023-11-28 08:00:00,1.05e-06,1.11e-06,1.05e-06,1.09e-06,4156869436162.0
2023-11-28 16:00:00,1.09e-06,1.12e-06,1.08e-06,1.1e-06,3607176871353.0
2023-11-29 00:00:00,1.1e-06,1.11e-06,1.08e-06,1.09e-06,2327832053789.0
2023-11-29 08:00:00,1.1e-06,1.12e-06,1.05e-06,1.07e-06,4842920025932.0
2023-11-29 16:00:00,1.06e-06,1.08e-06,1.05e-06,1.06e-06,1796954177591.0
2023-11-30 00:00:00,1.05e-06,1.08e-06,1.05e-06,1.07e-06,1404972837664.0
2023-11-30 08:00:00,1.07e-06,1.08e-06,1.05e-06,1.07e-06,2805695403796.0
2023-11-30 16:00:00,1.07e-06,1.1e-06,1.06e-06,1.09e-06,2249400830132.0
2023-12-01 00:00:00,1.09e-06,1.11e-06,1.07e-06,1.09e-06,2562344550174.0
2023-12-01 08:00:00,1.09e-06,1.12e-06,1.08e-06,1.08e-06,3303480779449.0
2023-12-01 16:00:00,1.09e-06,1.12e-06,1.08e-06,1.11e-06,2508279213103.0
2023-12-02 00:00:00,1.11e-06,1.13e-06,1.1e-06,1.12e-06,1966945935726.0
2023-12-02 08:00:00,1.12e-06,1.16e-06,1.11e-06,1.14e-06,6257527677198.0
2023-12-02 16:00:00,1.14e-06,1.2e-06,1.12e-06,1.17e-06,7753684813410.0
2023-12-03 00:00:00,1.16e-06,1.24e-06,1.16e-06,1.2e-06,9571419126805.0
2023-12-03 08:00:00,1.2e-06,1.23e-06,1.16e-06,1.19e-06,8920441744582.0
2023-12-03 16:00:00,1.19e-06,1.22e-06,1.18e-06,1.2e-06,5588269021975.0
2023-12-04 00:00:00,1.2e-06,1.5e-06,1.19e-06,1.38e-06,41302433935847.0
2023-12-04 08:00:00,1.38e-06,1.45e-06,1.17e-06,1.29e-06,38494498845714.0
2023-12-04 16:00:00,1.29e-06,1.41e-06,1.27e-06,1.39e-06,15014603936751.0
2023-12-05 00:00:00,1.39e-06,1.51e-06,1.34e-06,1.36e-06,30213913742052.0
2023-12-05 08:00:00,1.37e-06,1.69e-06,1.34e-06,1.54e-06,53729524769246.0
2023-12-05 16:00:00,1.54e-06,1.65e-06,1.49e-06,1.61e-06,29093656050721.0
2023-12-06 00:00:00,1.61e-06,1.7e-06,1.46e-06,1.63e-06,33093785977457.0
2023-12-06 08:00:00,1.63e-06,1.65e-06,1.5e-06,1.54e-06,23857376846501.0
2023-12-06 16:00:00,1.53e-06,1.61e-06,1.47e-06,1.48e-06,12598069208593.0
2023-12-07 00:00:00,1.48e-06,1.53e-06,1.45e-06,1.49e-06,6367714179722.0
2023-12-07 08:00:00,1.49e-06,1.52e-06,1.41e-06,1.52e-06,14551165186866.0
2023-12-07 16:00:00,1.51e-06,1.65e-06,1.48e-06,1.53e-06,19352190504349.0
2023-12-08 00:00:00,1.53e-06,1.57e-06,1.5e-06,1.54e-06,7237135101756.0
2023-12-08 08:00:00,1.53e-06,1.56e-06,1.49e-06,1.52e-06,9884456787822.0
2023-12-08 16:00:00,1.52e-06,1.61e-06,1.51e-06,1.58e-06,8417606451803.0
2023-12-09 00:00:00,1.58e-06,1.62e-06,1.52e-06,1.59e-06,11871605829896.0
2023-12-09 08:00:00,1.58e-06,1.75e-06,1.55e-06,1.64e-06,24857252741070.0
2023-12-09 16:00:00,1.63e-06,1.65e-06,1.5e-06,1.54e-06,10444180986634.0
2023-12-10 00:00:00,1.54e-06,1.58e-06,1.51e-06,1.55e-06,10105278354208.0
2023-12-10 08:00:00,1.54e-06,1.57e-06,1.5e-06,1.56e-06,8822271706138.0
2023-12-10 16:00:00,1.56e-06,1.64e-06,1.53e-06,1.6e-06,7356504356372.0
2023-12-11 00:00:00,1.61e-06,1.62e-06,1.35e-06,1.42e-06,23030332998785.0
2023-12-11 08:00:00,1.42e-06,1.47e-06,1.39e-06,1.42e-06,9682906980383.0
2023-12-11 16:00:00,1.42e-06,1.43e-06,1.33e-06,1.42e-06,9877827864196.0
2023-12-12 00:00:00,1.42e-06,1.46e-06,1.4e-06,1.45e-06,8999164102760.0
2023-12-12 08:00:00,1.45e-06,1.45e-06,1.34e-06,1.37e-06,12914966928508.0
2023-12-12 16:00:00,1.37e-06,1.41e-06,1.35e-06,1.39e-06,7619347522624.0
2023-12-13 00:00:00,1.39e-06,1.41e-06,1.3e-06,1.33e-06,9275436755618.0
2023-12-13 08:00:00,1.33e-06,1.39e-06,1.32e-06,1.37e-06,5898730098130.0
2023-12-13 16:00:00,1.38e-06,1.44e-06,1.35e-06,1.42e-06,7860518948796.0
2023-12-14 00:00:00,1.42e-06,1.48e-06,1.38e-06,1.45e-06,7236904570719.0
2023-12-14 08:00:00,1.46e-06,1.49e-06,1.34e-06,1.4e-06,16282704358575.0
2023-12-14 16:00:00,1.4e-06,1.49e-06,1.39e-06,1.49e-06,7177548826780.0
2023-12-15 00:00:00,1.49e-06,1.5e-06,1.38e-06,1.39e-06,8525622488842.0
2023-12-15 08:00:00,1.39e-06,1.43e-06,1.35e-06,1.37e-06,10300997194648.0
2023-12-15 16:00:00,1.37e-06,1.4e-06,1.32e-06,1.33e-06,6695774328083.0
2023-12-16 00:00:00,1.33e-06,1.4e-06,1.31e-06,1.38e-06,5888671846538.0
2023-12-16 08:00:00,1.37e-06,1.48e-06,1.37e-06,1.44e-06,12324786015727.0
2023-12-16 16:00:00,1.44e-06,1.45e-06,1.38e-06,1.41e-06,8357844095354.0
2023-12-17 00:00:00,1.41e-06,1.47e-06,1.36e-06,1.36e-06,8640742841374.0
2023-12-17 08:00:00,1.36e-06,1.39e-06,1.34e-06,1.36e-06,5003189998700.0
2023-12-17 16:00:00,1.37e-06,1.4e-06,1.33e-06,1.33e-06,4782675118886.0
2023-12-18 00:00:00,1.34e-06,1.36e-06,1.27e-06,1.27e-06,6342895163036.0
2023-12-18 08:00:00,1.27e-06,1.29e-06,1.2e-06,1.26e-06,12003176172646.0
2023-12-18 16:00:00,1.26e-06,1.32e-06,1.25e-06,1.31e-06,4015306375786.0
2023-12-19 00:00:00,1.31e-06,1.34e-06,1.29e-06,1.33e-06,4942398529376.0
2023-12-19 08:00:00,1.33e-06,1.33e-06,1.25e-06,1.26e-06,6207313521837.0
2023-12-19 16:00:00,1.26e-06,1.28e-06,1.24e-06,1.25e-06,4448487455783.0
2023-12-20 00:00:00,1.24e-06,1.28e-06,1.23e-06,1.28e-06,3392006263720.0
2023-12-20 08:00:00,1.28e-06,1.32e-06,1.26e-06,1.3e-06,6107268650039.0
2023-12-20 16:00:00,1.3e-06,1.31e-06,1.24e-06,1.27e-06,4500920421134.0
2023-12-21 00:00:00,1.26e-06,1.28e-06,1.24e-06,1.26e-06,3634160687531.0
2023-12-21 08:00:00,1.26e-06,1.3e-06,1.22e-06,1.25e-06,7265514238316.0
2023-12-21 16:00:00,1.25e-06,1.33e-06,1.24e-06,1.31e-06,7601005770551.0
2023-12-22 00:00:00,1.3e-06,1.33e-06,1.25e-06,1.27e-06,5872300925838.0
2023-12-22 08:00:00,1.28e-06,1.59e-06,1.27e-06,1.49e-06,45948767085683.0
2023-12-22 16:00:00,1.49e-06,1.59e-06,1.44e-06,1.58e-06,16498202321132.0
2023-12-23 00:00:00,1.58e-06,1.6e-06,1.45e-06,1.46e-06,12298069023143.0
2023-12-23 08:00:00,1.46e-06,1.49e-06,1.43e-06,1.47e-06,6509373834164.0
2023-12-23 16:00:00,1.47e-06,1.51e-06,1.44e-06,1.48e-06,5624396475295.0
2023-12-24 00:00:00,1.48e-06,1.49e-06,1.39e-06,1.42e-06,10850058295022.0
2023-12-24 08:00:00,1.41e-06,1.43e-06,1.38e-06,1.4e-06,6520021821596.0
2023-12-24 16:00:00,1.41e-06,1.44e-06,1.33e-06,1.38e-06,6730011684675.0
2023-12-25 00:00:00,1.37e-06,1.4e-06,1.35e-06,1.39e-06,3520602857788.0
2023-12-25 08:00:00,1.39e-06,1.45e-06,1.37e-06,1.43e-06,9582307653381.0
2023-12-25 16:00:00,1.43e-06,1.43e-06,1.38e-06,1.41e-06,4584790076291.0
2023-12-26 00:00:00,1.41e-06,1.43e-06,1.33e-06,1.38e-06,8421262663146.0
2023-12-26 08:00:00,1.38e-06,1.42e-06,1.35e-06,1.35e-06,7762518430632.0
2023-12-26 16:00:00,1.36e-06,1.37e-06,1.25e-06,1.33e-06,10833690934901.0
2023-12-27 00:00:00,1.34e-06,1.35e-06,1.28e-06,1.32e-06,5133570200183.0
2023-12-27 08:00:00,1.32e-06,1.47e-06,1.3e-06,1.44e-06,14811035291593.0
2023-12-27 16:00:00,1.44e-06,1.5e-06,1.41e-06,1.44e-06,8365653662212.0
2023-12-28 00:00:00,1.45e-06,1.5e-06,1.4e-06,1.42e-06,9272292410060.0
2023-12-28 08:00:00,1.42e-06,1.43e-06,1.33e-06,1.36e-06,9669180975011.0
2023-12-28 16:00:00,1.36e-06,1.37e-06,1.33e-06,1.34e-06,4270713637919.0
2023-12-29 00:00:00,1.35e-06,1.38e-06,1.3e-06,1.35e-06,6968318044796.0
2023-12-29 08:00:00,1.35e-06,1.44e-06,1.34e-06,1.37e-06,6618096921408.0
2023-12-29 16:00:00,1.38e-06,1.38e-06,1.31e-06,1.34e-06,5247834250853.0
2023-12-30 00:00:00,1.35e-06,1.37e-06,1.33e-06,1.34e-06,2946274068094.0
2023-12-30 08:00:00,1.34e-06,1.35e-06,1.31e-06,1.33e-06,3553632218085.0
2023-12-30 16:00:00,1.34e-06,1.35e-06,1.3e-06,1.31e-06,3335085629786.0
2023-12-31 00:00:00,1.31e-06,1.35e-06,1.3e-06,1.34e-06,3232348911762.0
2023-12-31 08:00:00,1.35e-06,1.35e-06,1.31e-06,1.33e-06,3473212930839.0
2023-12-31 16:00:00,1.33e-06,1.36e-06,1.26e-06,1.3e-06,3488711064225.0
2024-01-01 00:00:00,1.3e-06,1.33e-06,1.26e-06,1.3e-06,3357081736102.0
2024-01-01 08:00:00,1.3e-06,1.34e-06,1.29e-06,1.34e-06,2066548237239.0
2024-01-01 16:00:00,1.33e-06,1.41e-06,1.32e-06,1.41e-06,5441534054581.0
2024-01-02 00:00:00,1.41e-06,1.44e-06,1.38e-06,1.4e-06,5677067100458.0
2024-01-02 08:00:00,1.4e-06,1.43e-06,1.35e-06,1.37e-06,5301986051070.0
2024-01-02 16:00:00,1.36e-06,1.38e-06,1.32e-06,1.34e-06,4158408956308.0
2024-01-03 00:00:00,1.33e-06,1.42e-06,1.33e-06,1.4e-06,4117344147430.0
2024-01-03 08:00:00,1.39e-06,1.43e-06,1.06e-06,1.25e-06,30202943510721.0
2024-01-03 16:00:00,1.26e-06,1.27e-06,1.17e-06,1.18e-06,8312163097533.0
2024-01-04 00:00:00,1.19e-06,1.29e-06,1.17e-06,1.24e-06,7566687558751.0
2024-01-04 08:00:00,1.24e-06,1.28e-06,1.19e-06,1.26e-06,7788267972060.0
2024-01-04 16:00:00,1.26e-06,1.28e-06,1.24e-06,1.25e-06,3832787162134.0
2024-01-05 00:00:00,1.26e-06,1.28e-06,1.18e-06,1.22e-06,5712059997687.0
2024-01-05 08:00:00,1.22e-06,1.24e-06,1.16e-06,1.19e-06,8262339042144.0
2024-01-05 16:00:00,1.19e-06,1.21e-06,1.16e-06,1.19e-06,5159272679116.0
2024-01-06 00:00:00,1.2e-06,1.2e-06,1.09e-06,1.13e-06,6389516562044.0
2024-01-06 08:00:00,1.14e-06,1.18e-06,1.12e-06,1.16e-06,5114242030943.0
2024-01-06 16:00:00,1.17e-06,1.18e-06,1.13e-06,1.15e-06,3684939579561.0
2024-01-07 00:00:00,1.16e-06,1.22e-06,1.15e-06,1.19e-06,3740566542334.0
2024-01-07 08:00:00,1.18e-06,1.19e-06,1.13e-06,1.15e-06,4170216141785.0
2024-01-07 16:00:00,1.15e-06,1.16e-06,1.09e-06,1.12e-06,3487755579006.0
2024-01-08 00:00:00,1.12e-06,1.13e-06,1.03e-06,1.08e-06,9046072684544.0
2024-01-08 08:00:00,1.08e-06,1.2e-06,1.07e-06,1.16e-06,6548710925396.0
2024-01-08 16:00:00,1.16e-06,1.21e-06,1.14e-06,1.19e-06,4526595668968.0
2024-01-09 00:00:00,1.2e-06,1.21e-06,1.16e-06,1.19e-06,2806323643441.0
2024-01-09 08:00:00,1.2e-06,1.2e-06,1.11e-06,1.12e-06,5552611825076.0
2024-01-09 16:00:00,1.13e-06,1.26e-06,1.1e-06,1.2e-06,9666190053577.0
2024-01-10 00:00:00,1.2e-06,1.23e-06,1.16e-06,1.17e-06,6851269180558.0
2024-01-10 08:00:00,1.17e-06,1.3e-06,1.16e-06,1.22e-06,20740265962268.0
2024-01-10 16:00:00,1.21e-06,1.39e-06,1.18e-06,1.33e-06,24751684231454.0
2024-01-11 00:00:00,1.33e-06,1.45e-06,1.3e-06,1.44e-06,16450927892083.0
2024-01-11 08:00:00,1.44e-06,1.5e-06,1.34e-06,1.38e-06,22142440943343.0
2024-01-11 16:00:00,1.37e-06,1.38e-06,1.31e-06,1.37e-06,11040181852183.0
2024-01-12 00:00:00,1.37e-06,1.37e-06,1.31e-06,1.35e-06,6334036873388.0
2024-01-12 08:00:00,1.34e-06,1.41e-06,1.33e-06,1.35e-06,13911365349986.0
2024-01-12 16:00:00,1.35e-06,1.38e-06,1.19e-06,1.24e-06,16719958228816.0
2024-01-13 00:00:00,1.24e-06,1.25e-06,1.18e-06,1.23e-06,5028788598662.0
2024-01-13 08:00:00,1.24e-06,1.25e-06,1.2e-06,1.25e-06,5350282422017.0
2024-01-13 16:00:00,1.25e-06,1.27e-06,1.23e-06,1.25e-06,4171080640922.0
2024-01-14 00:00:00,1.25e-06,1.26e-06,1.22e-06,1.24e-06,2950700312713.0
2024-01-14 08:00:00,1.24e-06,1.26e-06,1.22e-06,1.25e-06,3588164382999.0
2024-01-14 16:00:00,1.25e-06,1.25e-06,1.19e-06,1.19e-06,5844056928302.0
2024-01-15 00:00:00,1.19e-06,1.24e-06,1.19e-06,1.23e-06,1392265679690.0
2024-01-15 08:00:00,1.22e-06,1.25e-06,1.19e-06,1.21e-06,4466053864807.0
2024-01-15 16:00:00,1.21e-06,1.24e-06,1.19e-06,1.21e-06,2486683977004.0
2024-01-16 00:00:00,1.21e-06,1.23e-06,1.2e-06,1.21e-06,2144156404183.0
2024-01-16 08:00:00,1.21e-06,1.23e-06,1.18e-06,1.23e-06,6530138332700.0
2024-01-16 16:00:00,1.23e-06,1.27e-06,1.22e-06,1.24e-06,3722198363019.0
2024-01-17 00:00:00,1.25e-06,1.26e-06,1.2e-06,1.22e-06,2488920807141.0
2024-01-17 08:00:00,1.22e-06,1.27e-06,1.2e-06,1.21e-06,8001213865051.0
2024-01-17 16:00:00,1.21e-06,1.22e-06,1.19e-06,1.21e-06,3375900091071.0
2024-01-18 00:00:00,1.2e-06,1.22e-06,1.18e-06,1.2e-06,5622726014092.0
2024-01-18 08:00:00,1.2e-06,1.21e-06,1.16e-06,1.19e-06,2622238730448.0
2024-01-18 16:00:00,1.19e-06,1.2e-06,1.12e-06,1.14e-06,6406098469604.0
2024-01-19 00:00:00,1.14e-06,1.15e-06,1.1e-06,1.13e-06,3817501568409.0
2024-01-19 08:00:00,1.14e-06,1.14e-06,1.1e-06,1.12e-06,1962337859034.0
2024-01-19 16:00:00,1.12e-06,1.15e-06,1.05e-06,1.14e-06,6327591048404.0
2024-01-20 00:00:00,1.14e-06,1.14e-06,1.11e-06,1.13e-06,3351553317009.0
2024-01-20 08:00:00,1.13e-06,1.14e-06,1.1e-06,1.13e-06,2639232157926.0
2024-01-20 16:00:00,1.13e-06,1.18e-06,1.11e-06,1.17e-06,4278363407142.0
2024-01-21 00:00:00,1.17e-06,1.2e-06,1.15e-06,1.17e-06,2582456156095.0
2024-01-21 08:00:00,1.16e-06,1.17e-06,1.13e-06,1.14e-06,1875703539645.0
2024-01-21 16:00:00,1.14e-06,1.15e-06,1.11e-06,1.13e-06,1743198551929.0
2024-01-22 00:00:00,1.12e-06,1.13e-06,1.09e-06,1.12e-06,3023741484118.0
2024-01-22 08:00:00,1.12e-06,1.12e-06,1.06e-06,1.08e-06,4050400168535.0
2024-01-22 16:00:00,1.09e-06,1.1e-06,1.04e-06,1.06e-06,5538804191255.0
2024-01-23 00:00:00,1.05e-06,1.08e-06,1.03e-06,1.05e-06,2391717309323.0
2024-01-23 08:00:00,1.05e-06,1.06e-06,9.7e-07,1.02e-06,10826185797444.0
2024-01-23 16:00:00,1.02e-06,1.05e-06,1e-06,1.04e-06,4338825331780.0
2024-01-24 00:00:00,1.04e-06,1.06e-06,1.02e-06,1.04e-06,4590622691470.0
2024-01-24 08:00:00,1.04e-06,1.07e-06,1.02e-06,1.05e-06,4806076897316.0
2024-01-24 16:00:00,1.05e-06,1.06e-06,1.02e-06,1.04e-06,2428353074293.0
2024-01-25 00:00:00,1.04e-06,1.05e-06,1.01e-06,1.03e-06,2120471399509.0
2024-01-25 08:00:00,1.02e-06,1.04e-06,1e-06,1.02e-06,3872948786064.0
2024-01-25 16:00:00,1.02e-06,1.04e-06,1e-06,1.03e-06,2598481275213.0
2024-01-26 00:00:00,1.03e-06,1.05e-06,1.01e-06,1.04e-06,1892101394685.0
2024-01-26 08:00:00,1.03e-06,1.08e-06,1.03e-06,1.08e-06,5885133442672.0
2024-01-26 16:00:00,1.08e-06,1.1e-06,1.07e-06,1.08e-06,2273479755080.0
2024-01-27 00:00:00,1.08e-06,1.11e-06,1.07e-06,1.07e-06,3264730978774.0
2024-01-27 08:00:00,1.08e-06,1.1e-06,1.07e-06,1.1e-06,1659912369489.0
2024-01-27 16:00:00,1.1e-06,1.1e-06,1.08e-06,1.09e-06,2689255432287.0
2024-01-28 00:00:00,1.09e-06,1.12e-06,1.08e-06,1.09e-06,4137687972777.0
2024-01-28 08:00:00,1.08e-06,1.11e-06,1.06e-06,1.09e-06,2451502838724.0
2024-01-28 16:00:00,1.08e-06,1.09e-06,1.05e-06,1.06e-06,3531650277180.0
2024-01-29 00:00:00,1.06e-06,1.08e-06,1.05e-06,1.06e-06,2815335265998.0
2024-01-29 08:00:00,1.06e-06,1.07e-06,1.03e-06,1.06e-06,4918450311716.0
2024-01-29 16:00:00,1.07e-06,1.09e-06,1.05e-06,1.07e-06,3536181358373.0
2024-01-30 00:00:00,1.06e-06,1.08e-06,1.04e-06,1.05e-06,6365709922759.0
2024-01-30 08:00:00,1.05e-06,1.07e-06,1.02e-06,1.04e-06,6504884286169.0
2024-01-30 16:00:00,1.04e-06,1.06e-06,1e-06,1.01e-06,4966910131496.0
2024-01-31 00:00:00,1.01e-06,1.02e-06,9.5e-07,9.8e-07,7233557548319.0
2024-01-31 08:00:00,9.8e-07,9.8e-07,9.1e-07,9.4e-07,13163213161687.0
2024-01-31 16:00:00,9.5e-07,9.6e-07,9e-07,9.2e-07,7849098616063.0
2024-02-01 00:00:00,9.2e-07,9.3e-07,8.8e-07,9.2e-07,4142854583063.0
2024-02-01 08:00:00,9.1e-07,9.4e-07,9e-07,9.3e-07,4909016389056.0
2024-02-01 16:00:00,9.3e-07,9.4e-07,9e-07,9.2e-07,3777915879571.0
2024-02-02 00:00:00,9.2e-07,9.4e-07,9.1e-07,9.4e-07,2626318269304.0
2024-02-02 08:00:00,9.3e-07,9.4e-07,9.1e-07,9.4e-07,3020198263643.0
2024-02-02 16:00:00,9.4e-07,9.4e-07,9.2e-07,9.3e-07,950018854055.0
2024-02-03 00:00:00,9.3e-07,9.4e-07,9.2e-07,9.4e-07,874621140435.0
2024-02-03 08:00:00,9.4e-07,9.5e-07,9.1e-07,9.2e-07,2087043161816.0
2024-02-03 16:00:00,9.3e-07,9.4e-07,9.2e-07,9.3e-07,1335630742525.0
2024-02-04 00:00:00,9.3e-07,9.3e-07,8.9e-07,9e-07,3784422625667.0
2024-02-04 08:00:00,9e-07,9.2e-07,8.9e-07,9e-07,1637729544874.0
2024-02-04 16:00:00,9.1e-07,9.2e-07,8.7e-07,8.8e-07,3460306790649.0
2024-02-05 00:00:00,8.9e-07,9.1e-07,8.6e-07,9.1e-07,2776771949470.0
2024-02-05 08:00:00,9e-07,9.8e-07,9e-07,9.4e-07,8004841609466.0
2024-02-05 16:00:00,9.3e-07,9.4e-07,8.7e-07,9e-07,5700105400770.0
2024-02-06 00:00:00,9e-07,9.1e-07,8.8e-07,9e-07,2553423446877.0
2024-02-06 08:00:00,9e-07,9.1e-07,8.8e-07,9.1e-07,4542141477231.0
2024-02-06 16:00:00,9e-07,9.2e-07,9e-07,9e-07,2301628208784.0
2024-02-07 00:00:00,9e-07,9.4e-07,9e-07,9.4e-07,3001522380991.0
2024-02-07 08:00:00,9.4e-07,9.6e-07,9.2e-07,9.3e-07,2729115456692.0
2024-02-07 16:00:00,9.4e-07,9.9e-07,9.3e-07,9.7e-07,4827920119271.0
2024-02-08 00:00:00,9.7e-07,9.8e-07,9.4e-07,9.7e-07,3430643157220.0
2024-02-08 08:00:00,9.7e-07,9.9e-07,9.5e-07,9.7e-07,4604394741249.0
2024-02-08 16:00:00,9.8e-07,9.8e-07,9.4e-07,9.5e-07,3989163644595.0
2024-02-09 00:00:00,9.5e-07,1e-06,9.5e-07,9.9e-07,3626323960600.0
2024-02-09 08:00:00,9.9e-07,1.03e-06,9.8e-07,1e-06,5963104409949.0
2024-02-09 16:00:00,1e-06,1.03e-06,1e-06,1.01e-06,3313430527389.0
2024-02-10 00:00:00,1.02e-06,1.04e-06,1.01e-06,1.02e-06,2796118548772.0
2024-02-10 08:00:00,1.03e-06,1.04e-06,1e-06,1.03e-06,3308544342990.0
2024-02-10 16:00:00,1.03e-06,1.03e-06,1.01e-06,1.01e-06,3184422089313.0
2024-02-11 00:00:00,1.01e-06,1.03e-06,1.01e-06,1.02e-06,1058975744380.0
2024-02-11 08:00:00,1.03e-06,1.04e-06,9.9e-07,9.9e-07,4818062648256.0
2024-02-11 16:00:00,9.9e-07,1.01e-06,9.8e-07,1e-06,2359813616643.0
2024-02-12 00:00:00,1e-06,1.02e-06,9.9e-07,1e-06,1204426614323.0
2024-02-12 08:00:00,1.01e-06,1.03e-06,9.8e-07,1.03e-06,2643242858128.0
2024-02-12 16:00:00,1.03e-06,1.09e-06,1.01e-06,1.08e-06,8260858438664.0
2024-02-13 00:00:00,1.08e-06,1.14e-06,1.08e-06,1.13e-06,5897093654568.0
2024-02-13 08:00:00,1.12e-06,1.13e-06,1.04e-06,1.07e-06,6682844636569.0
2024-02-13 16:00:00,1.07e-06,1.09e-06,1.05e-06,1.08e-06,4079552286504.0
2024-02-14 00:00:00,1.09e-06,1.09e-06,1.06e-06,1.08e-06,2321749664592.0
2024-02-14 08:00:00,1.08e-06,1.26e-06,1.08e-06,1.23e-06,19613938054807.0
2024-02-14 16:00:00,1.23e-06,1.26e-06,1.17e-06,1.25e-06,9381330117437.0
2024-02-15 00:00:00,1.25e-06,1.31e-06,1.22e-06,1.23e-06,14287371977652.0
2024-02-15 08:00:00,1.23e-06,1.28e-06,1.2e-06,1.22e-06,10365782636475.0
2024-02-15 16:00:00,1.22e-06,1.26e-06,1.19e-06,1.25e-06,5391693621005.0
2024-02-16 00:00:00,1.25e-06,1.26e-06,1.18e-06,1.19e-06,5892716077264.0
2024-02-16 08:00:00,1.19e-06,1.23e-06,1.14e-06,1.17e-06,8717471951194.0
2024-02-16 16:00:00,1.18e-06,1.19e-06,1.14e-06,1.17e-06,4310546659219.0
2024-02-17 00:00:00,1.17e-06,1.18e-06,1.14e-06,1.17e-06,2154130166743.0
2024-02-17 08:00:00,1.17e-06,1.18e-06,1.1e-06,1.13e-06,6545688945617.0
2024-02-17 16:00:00,1.14e-06,1.2e-06,1.13e-06,1.19e-06,3408805112919.0
2024-02-18 00:00:00,1.19e-06,1.21e-06,1.16e-06,1.2e-06,2760592508528.0
2024-02-18 08:00:00,1.2e-06,1.22e-06,1.18e-06,1.2e-06,3242782227040.0
2024-02-18 16:00:00,1.19e-06,1.24e-06,1.18e-06,1.23e-06,3715641826772.0
2024-02-19 00:00:00,1.22e-06,1.24e-06,1.19e-06,1.24e-06,2529811950095.0
2024-02-19 08:00:00,1.23e-06,1.24e-06,1.19e-06,1.21e-06,4252874420308.0
2024-02-19 16:00:00,1.21e-06,1.26e-06,1.19e-06,1.23e-06,6841768267929.0
2024-02-20 00:00:00,1.22e-06,1.25e-06,1.17e-06,1.2e-06,5892344187251.0
2024-02-20 08:00:00,1.19e-06,1.24e-06,1.12e-06,1.16e-06,13984804119345.0
2024-02-20 16:00:00,1.16e-06,1.21e-06,1.12e-06,1.2e-06,4817907201282.0
2024-02-21 00:00:00,1.19e-06,1.2e-06,1.14e-06,1.15e-06,5673182889406.0
2024-02-21 08:00:00,1.15e-06,1.17e-06,1.1e-06,1.14e-06,6661019921532.0
2024-02-21 16:00:00,1.13e-06,1.16e-06,1.09e-06,1.15e-06,2896842806889.0
2024-02-22 00:00:00,1.15e-06,1.16e-06,1.1e-06,1.16e-06,3024121023496.0
2024-02-22 08:00:00,1.15e-06,1.23e-06,1.14e-06,1.23e-06,9951009411162.0
2024-02-22 16:00:00,1.23e-06,1.24e-06,1.19e-06,1.21e-06,8129384818809.0
2024-02-23 00:00:00,1.21e-06,1.25e-06,1.17e-06,1.19e-06,5649847199631.0
2024-02-23 08:00:00,1.19e-06,1.41e-06,1.18e-06,1.21e-06,43859297256624.0
2024-02-23 16:00:00,1.22e-06,1.25e-06,1.18e-06,1.19e-06,9485088719718.0
2024-02-24 00:00:00,1.19e-06,1.2e-06,1.15e-06,1.2e-06,4682828589083.0
2024-02-24 08:00:00,1.2e-06,1.24e-06,1.18e-06,1.22e-06,6854894737285.0
2024-02-24 16:00:00,1.22e-06,1.32e-06,1.21e-06,1.32e-06,12721858631782.0
2024-02-25 00:00:00,1.31e-06,1.37e-06,1.28e-06,1.33e-06,9036451302526.0
2024-02-25 08:00:00,1.34e-06,1.34e-06,1.28e-06,1.31e-06,6831990842297.0
2024-02-25 16:00:00,1.3e-06,1.4e-06,1.29e-06,1.37e-06,8627065513523.0
2024-02-26 00:00:00,1.38e-06,1.45e-06,1.37e-06,1.39e-06,11843587762444.0
2024-02-26 08:00:00,1.38e-06,1.6e-06,1.34e-06,1.58e-06,28347648026960.0
2024-02-26 16:00:00,1.59e-06,1.89e-06,1.51e-06,1.81e-06,53004107399735.0
2024-02-27 00:00:00,1.8e-06,2.31e-06,1.74e-06,2.03e-06,72068495816497.0
2024-02-27 08:00:00,2.04e-06,2.3e-06,2.03e-06,2.09e-06,48150669990112.0
2024-02-27 16:00:00,2.09e-06,2.97e-06,2.09e-06,2.67e-06,106063067120011.0
2024-02-28 00:00:00,2.66e-06,2.94e-06,2.57e-06,2.81e-06,43837592959262.0
2024-02-28 08:00:00,2.81e-06,3.62e-06,2.74e-06,3.03e-06,130973726723541.0
2024-02-28 16:00:00,3.03e-06,3.38e-06,2.78e-06,3.18e-06,79458969988324.0
2024-02-29 00:00:00,3.17e-06,3.32e-06,2.95e-06,2.99e-06,41731066856797.0
2024-02-29 08:00:00,3e-06,3.06e-06,2.82e-06,3.02e-06,30593751183462.0
2024-02-29 16:00:00,3.01e-06,3.02e-06,2.63e-06,2.74e-06,25611025795479.0
2024-03-01 00:00:00,2.74e-06,2.99e-06,2.66e-06,2.89e-06,24774959056269.0
2024-03-01 08:00:00,2.89e-06,3.82e-06,2.89e-06,3.68e-06,82887143216611.0
2024-03-01 16:00:00,3.68e-06,4.31e-06,3.64e-06,3.99e-06,76914243518026.0
2024-03-02 00:00:00,3.99e-06,4.89e-06,3.92e-06,4.87e-06,58921997284027.0
2024-03-02 08:00:00,4.87e-06,4.98e-06,3.91e-06,3.96e-06,61966979945246.0
2024-03-02 16:00:00,3.96e-06,4.5e-06,3.94e-06,4.38e-06,26325939144304.0
2024-03-03 00:00:00,4.38e-06,4.56e-06,3.62e-06,3.95e-06,25711937482274.0
2024-03-03 08:00:00,3.96e-06,5.78e-06,3.92e-06,5.38e-06,92773146688662.0
2024-03-03 16:00:00,5.39e-06,6e-06,5.35e-06,5.93e-06,54789537067471.0
2024-03-04 00:00:00,5.92e-06,6.79e-06,5.56e-06,6.61e-06,61895061697452.0
2024-03-04 08:00:00,6.62e-06,7.78e-06,6.6e-06,7.71e-06,85776256572142.0
2024-03-04 16:00:00,7.71e-06,8.3e-06,6.79e-06,7.01e-06,76254816248455.0
2024-03-05 00:00:00,7.02e-06,8.7e-06,6.42e-06,7.28e-06,77306797583737.0
2024-03-05 08:00:00,7.27e-06,7.87e-06,6.51e-06,6.53e-06,55389463066827.0
2024-03-05 16:00:00,6.54e-06,7.04e-06,4.95e-06,6.31e-06,78567359105140.0
2024-03-06 00:00:00,6.3e-06,7.62e-06,5.88e-06,7.58e-06,45112536087919.0
2024-03-06 08:00:00,7.58e-06,8.25e-06,7.08e-06,7.65e-06,73351782579315.0
2024-03-06 16:00:00,7.66e-06,7.88e-06,7.1e-06,7.2e-06,27046771632116.0
2024-03-07 00:00:00,7.2e-06,7.4e-06,6.4e-06,6.73e-06,25174118990138.0
2024-03-07 08:00:00,6.73e-06,7.6e-06,6.53e-06,7.44e-06,29505108872836.0
2024-03-07 16:00:00,7.44e-06,7.6e-06,6.67e-06,6.81e-06,20962836587961.0
2024-03-08 00:00:00,6.81e-06,8.16e-06,6.74e-06,7.89e-06,48204490559253.0
2024-03-08 08:00:00,7.88e-06,9.23e-06,7.71e-06,8.58e-06,81257048226887.0
2024-03-08 16:00:00,8.57e-06,9.52e-06,8.23e-06,9.01e-06,57595443296711.0
2024-03-09 00:00:00,9.01e-06,9.91e-06,8.93e-06,9.03e-06,39536909626537.0
2024-03-09 08:00:00,9.03e-06,9.34e-06,8.42e-06,8.92e-06,33503308876452.0
2024-03-09 16:00:00,8.93e-06,9.1e-06,8.61e-06,8.76e-06,17492038062957.0
2024-03-10 00:00:00,8.77e-06,9.3e-06,8.55e-06,8.97e-06,20698730809487.0
2024-03-10 08:00:00,8.97e-06,9.09e-06,8.19e-06,8.3e-06,24000648966132.0
2024-03-10 16:00:00,8.29e-06,8.95e-06,8.28e-06,8.54e-06,20038225844326.0
2024-03-11 00:00:00,8.54e-06,9.5e-06,7.63e-06,9.17e-06,28549623976109.0
2024-03-11 08:00:00,9.16e-06,9.36e-06,8.7e-06,8.73e-06,31984492754827.0
2024-03-11 16:00:00,8.73e-06,9.1e-06,8.5e-06,9.04e-06,16533843294850.0
2024-03-12 00:00:00,9.04e-06,9.14e-06,8.13e-06,8.23e-06,19073797467323.0
2024-03-12 08:00:00,8.24e-06,8.44e-06,8e-06,8.32e-06,22066279914923.0
2024-03-12 16:00:00,8.32e-06,8.36e-06,7.51e-06,8.28e-06,19171899202868.0
2024-03-13 00:00:00,8.28e-06,9.37e-06,8.11e-06,9.28e-06,46036327621998.0
2024-03-13 08:00:00,9.27e-06,9.36e-06,8.37e-06,8.52e-06,31464597291345.0
2024-03-13 16:00:00,8.52e-06,9.25e-06,8.43e-06,9.03e-06,24203261860565.0
2024-03-14 00:00:00,9.03e-06,1.084e-05,8.74e-06,1.054e-05,74023480437640.0
2024-03-14 08:00:00,1.054e-05,1.074e-05,9.5e-06,9.72e-06,50822904381275.0
2024-03-14 16:00:00,9.72e-06,1.026e-05,9.23e-06,9.96e-06,31558391303514.0
2024-03-15 00:00:00,9.96e-06,1.034e-05,9e-06,9.31e-06,37151404689222.0
2024-03-15 08:00:00,9.32e-06,9.36e-06,8.23e-06,8.78e-06,40450022880380.0
2024-03-15 16:00:00,8.78e-06,9.38e-06,8.59e-06,8.92e-06,19706012468185.0
2024-03-16 00:00:00,8.92e-06,9.08e-06,7.88e-06,8.48e-06,24199915483606.0
2024-03-16 08:00:00,8.48e-06,8.49e-06,7.45e-06,7.78e-06,32448993231605.0
2024-03-16 16:00:00,7.78e-06,7.9e-06,7.02e-06,7.43e-06,34240864051284.0
2024-03-17 00:00:00,7.43e-06,7.76e-06,6.88e-06,7.12e-06,26502828389971.0
2024-03-17 08:00:00,7.11e-06,8.2e-06,7.02e-06,8.05e-06,30634619347118.0
2024-03-17 16:00:00,8.05e-06,8.2e-06,7.73e-06,7.84e-06,18120914433542.0
2024-03-18 00:00:00,7.84e-06,8.2e-06,7.51e-06,7.69e-06,17407884280902.0
2024-03-18 08:00:00,7.69e-06,7.69e-06,6.94e-06,7.05e-06,22021739825824.0
2024-03-18 16:00:00,7.06e-06,7.15e-06,6.6e-06,6.82e-06,17451213712173.0
2024-03-19 00:00:00,6.81e-06,6.94e-06,5.81e-06,6.31e-06,31046037401277.0
2024-03-19 08:00:00,6.31e-06,6.87e-06,5.95e-06,6.82e-06,34112171690461.0
2024-03-19 16:00:00,6.81e-06,7.49e-06,6.43e-06,6.6e-06,32498772217478.0
2024-03-20 00:00:00,6.59e-06,7.28e-06,6.42e-06,7.12e-06,32677651158439.0
2024-03-20 08:00:00,7.12e-06,7.55e-06,6.94e-06,7.18e-06,31793947116641.0
2024-03-20 16:00:00,7.19e-06,8.6e-06,6.81e-06,8.39e-06,47592492437454.0
2024-03-21 00:00:00,8.38e-06,8.46e-06,7.86e-06,8.13e-06,22539742765446.0
2024-03-21 08:00:00,8.12e-06,8.4e-06,7.99e-06,8.21e-06,19311754008190.0
2024-03-21 16:00:00,8.21e-06,8.35e-06,7.66e-06,7.9e-06,20196017637174.0
2024-03-22 00:00:00,7.9e-06,8.28e-06,7.72e-06,8.01e-06,14260147877598.0
2024-03-22 08:00:00,8.01e-06,8.08e-06,7.09e-06,7.4e-06,28422612043940.0
2024-03-22 16:00:00,7.4e-06,7.46e-06,7.19e-06,7.42e-06,11418484002391.0
2024-03-23 00:00:00,7.41e-06,7.66e-06,7.32e-06,7.56e-06,12012566980775.0
2024-03-23 08:00:00,7.57e-06,7.72e-06,7.42e-06,7.58e-06,11864798923787.0
2024-03-23 16:00:00,7.58e-06,7.75e-06,7.3e-06,7.31e-06,11981256863634.0
2024-03-24 00:00:00,7.32e-06,7.44e-06,7.18e-06,7.33e-06,8142221063037.0
2024-03-24 08:00:00,7.33e-06,7.5e-06,7.29e-06,7.43e-06,7187825688408.0
2024-03-24 16:00:00,7.43e-06,8e-06,7.25e-06,7.82e-06,14141397138780.0
2024-03-25 00:00:00,7.81e-06,7.89e-06,7.47e-06,7.5e-06,10566327811892.0
2024-03-25 08:00:00,7.5e-06,8.51e-06,7.43e-06,8.37e-06,30370765230401.0
2024-03-25 16:00:00,8.36e-06,8.5e-06,8.05e-06,8.09e-06,16687944277138.0
2024-03-26 00:00:00,8.09e-06,8.56e-06,8.08e-06,8.22e-06,12707918982814.0
2024-03-26 08:00:00,8.22e-06,8.74e-06,7.88e-06,8.11e-06,24280145814682.0
2024-03-26 16:00:00,8.1e-06,8.21e-06,7.83e-06,8.04e-06,11172438969828.0
2024-03-27 00:00:00,8.04e-06,8.37e-06,7.92e-06,7.96e-06,10477157846780.0
2024-03-27 08:00:00,7.96e-06,8.16e-06,7.56e-06,7.57e-06,20329808072138.0
2024-03-27 16:00:00,7.57e-06,7.71e-06,7.51e-06,7.63e-06,7936165716790.0
2024-03-28 00:00:00,7.62e-06,7.75e-06,7.38e-06,7.71e-06,9126913618798.0
2024-03-28 08:00:00,7.72e-06,8.2e-06,7.69e-06,8.05e-06,21910063060279.0
2024-03-28 16:00:00,8.06e-06,8.32e-06,7.88e-06,8.03e-06,12512347014104.0
2024-03-29 00:00:00,8.03e-06,8.07e-06,7.67e-06,7.73e-06,8836528853969.0
2024-03-29 08:00:00,7.73e-06,7.87e-06,7.57e-06,7.63e-06,8125326142965.0
2024-03-29 16:00:00,7.63e-06,7.93e-06,7.61e-06,7.74e-06,9627294499737.0
2024-03-30 00:00:00,7.74e-06,8.18e-06,7.7e-06,7.98e-06,11236353002431.0
2024-03-30 08:00:00,7.98e-06,8.76e-06,7.97e-06,8.6e-06,28183035850315.0
2024-03-30 16:00:00,8.61e-06,8.86e-06,8e-06,8.13e-06,15777337818752.0
2024-03-31 00:00:00,8.13e-06,9.15e-06,8.02e-06,8.97e-06,20723773858730.0
2024-03-31 08:00:00,8.97e-06,9.2e-06,8.74e-06,8.88e-06,16168708492101.0
2024-03-31 16:00:00,8.87e-06,8.96e-06,8.58e-06,8.8e-06,11431947984859.0
2024-04-01 00:00:00,8.8e-06,8.8e-06,7.7e-06,8.22e-06,19349068230930.0
2024-04-01 08:00:00,8.22e-06,8.3e-06,7.72e-06,7.74e-06,21534471497903.0
2024-04-01 16:00:00,7.74e-06,7.98e-06,7.64e-06,7.92e-06,12585654278748.0
2024-04-02 00:00:00,7.92e-06,7.93e-06,7.03e-06,7.23e-06,19259357231066.0
2024-04-02 08:00:00,7.23e-06,7.28e-06,6.9e-06,6.98e-06,21084708923323.0
2024-04-02 16:00:00,6.97e-06,7.39e-06,6.89e-06,7.25e-06,16155854642040.0
2024-04-03 00:00:00,7.24e-06,7.45e-06,6.95e-06,7.29e-06,13577507126184.0
2024-04-03 08:00:00,7.29e-06,7.4e-06,6.81e-06,6.98e-06,18786040926993.0
2024-04-03 16:00:00,6.99e-06,7.05e-06,6.59e-06,6.8e-06,10745267508265.0
2024-04-04 00:00:00,6.81e-06,7.09e-06,6.6e-06,6.96e-06,10158372187969.0
2024-04-04 08:00:00,6.95e-06,7.19e-06,6.94e-06,7.05e-06,8989198710834.0
2024-04-04 16:00:00,7.04e-06,7.19e-06,6.77e-06,6.92e-06,10420595419012.0
2024-04-05 00:00:00,6.92e-06,6.99e-06,6.55e-06,6.68e-06,11338003843242.0
2024-04-05 08:00:00,6.67e-06,6.79e-06,6.34e-06,6.68e-06,10545935423655.0
2024-04-05 16:00:00,6.69e-06,6.74e-06,6.52e-06,6.57e-06,3395677920525.0
2024-04-06 00:00:00,6.57e-06,6.85e-06,6.53e-06,6.74e-06,4721747467908.0
2024-04-06 08:00:00,6.74e-06,6.84e-06,6.61e-06,6.78e-06,3769024791876.0
2024-04-06 16:00:00,6.77e-06,6.88e-06,6.68e-06,6.76e-06,3147214676012.0
2024-04-07 00:00:00,6.76e-06,7.15e-06,6.72e-06,6.98e-06,8847927729031.0
2024-04-07 08:00:00,6.98e-06,7.47e-06,6.93e-06,7.28e-06,11515841671648.0
2024-04-07 16:00:00,7.28e-06,7.53e-06,7.22e-06,7.44e-06,8730043087967.0
2024-04-08 00:00:00,7.45e-06,7.56e-06,7.19e-06,7.43e-06,7728544617316.0
2024-04-08 08:00:00,7.43e-06,7.96e-06,7.41e-06,7.61e-06,18026101002698.0
2024-04-08 16:00:00,7.61e-06,7.88e-06,7.59e-06,7.76e-06,5665378340246.0
2024-04-09 00:00:00,7.76e-06,7.87e-06,7.35e-06,7.41e-06,10118838990724.0
2024-04-09 08:00:00,7.42e-06,7.42e-06,6.91e-06,7.07e-06,14355230797811.0
2024-04-09 16:00:00,7.07e-06,7.12e-06,6.92e-06,7.04e-06,7134592674677.0
2024-04-10 00:00:00,7.04e-06,7.15e-06,6.75e-06,7.01e-06,12087640123715.0
2024-04-10 08:00:00,7.01e-06,7.04e-06,6.67e-06,6.94e-06,15981803777473.0
2024-04-10 16:00:00,6.94e-06,7.26e-06,6.86e-06,7.14e-06,11260592138461.0
2024-04-11 00:00:00,7.14e-06,7.25e-06,6.97e-06,7.17e-06,6608462465304.0
2024-04-11 08:00:00,7.17e-06,7.27e-06,6.81e-06,6.9e-06,12677882870180.0
2024-04-11 16:00:00,6.89e-06,7.57e-06,6.87e-06,7.31e-06,24691738279065.0
2024-04-12 00:00:00,7.31e-06,7.57e-06,7.13e-06,7.18e-06,8418988605120.0
2024-04-12 08:00:00,7.18e-06,7.31e-06,6.79e-06,6.8e-06,13478717343988.0
2024-04-12 16:00:00,6.8e-06,6.86e-06,4.83e-06,5.92e-06,59376041180013.0
2024-04-13 00:00:00,5.92e-06,5.99e-06,5.57e-06,5.81e-06,16950461341335.0
2024-04-13 08:00:00,5.81e-06,6.06e-06,5.73e-06,5.79e-06,12774059591490.0
2024-04-13 16:00:00,5.79e-06,5.8e-06,3.93e-06,5.04e-06,84325961977286.0
2024-04-14 00:00:00,5.04e-06,5.5e-06,4.82e-06,5.43e-06,24379498449789.0
2024-04-14 08:00:00,5.43e-06,5.56e-06,5.11e-06,5.23e-06,21071607373378.0
2024-04-14 16:00:00,5.24e-06,5.57e-06,4.98e-06,5.44e-06,27514832505718.0
2024-04-15 00:00:00,5.44e-06,5.82e-06,5.15e-06,5.59e-06,17945329321494.0
2024-04-15 08:00:00,5.59e-06,5.65e-06,5.1e-06,5.21e-06,20083674555458.0
2024-04-15 16:00:00,5.2e-06,5.25e-06,4.73e-06,5.09e-06,23325254982016.0
2024-04-16 00:00:00,5.1e-06,5.18e-06,4.75e-06,5.09e-06,13599900972627.0
2024-04-16 08:00:00,5.1e-06,5.25e-06,4.86e-06,5.08e-06,19773998093378.0
2024-04-16 16:00:00,5.07e-06,5.57e-06,5.06e-06,5.4e-06,17706653028080.0
2024-04-17 00:00:00,5.4e-06,5.49e-06,5.24e-06,5.27e-06,9705009405127.0
2024-04-17 08:00:00,5.27e-06,5.34e-06,4.91e-06,4.98e-06,17398096876743.0
2024-04-17 16:00:00,4.98e-06,5.12e-06,4.86e-06,4.92e-06,21742692087004.0
2024-04-18 00:00:00,4.92e-06,5e-06,4.68e-06,4.72e-06,13300142795282.0
2024-04-18 08:00:00,4.73e-06,5.3e-06,4.63e-06,5.12e-06,20704195331008.0
2024-04-18 16:00:00,5.11e-06,5.19e-06,4.94e-06,5.09e-06,8788580489585.0
2024-04-19 00:00:00,5.09e-06,5.29e-06,4.6e-06,5.14e-06,26774145656913.0
2024-04-19 08:00:00,5.15e-06,5.47e-06,5.12e-06,5.22e-06,21601128229199.0
2024-04-19 16:00:00,5.21e-06,5.23e-06,4.99e-06,5.13e-06,12159936951795.0
2024-04-20 00:00:00,5.14e-06,5.24e-06,5.02e-06,5.17e-06,9021422388477.0
2024-04-20 08:00:00,5.17e-06,5.39e-06,5.05e-06,5.39e-06,8630578705098.0
2024-04-20 16:00:00,5.39e-06,5.9e-06,5.33e-06,5.8e-06,24852442604161.0
2024-04-21 00:00:00,5.8e-06,6.23e-06,5.7e-06,6.2e-06,19491317446541.0
2024-04-21 08:00:00,6.2e-06,6.21e-06,5.77e-06,5.89e-06,16328248786279.0
2024-04-21 16:00:00,5.89e-06,6.02e-06,5.6e-06,5.95e-06,18455060323463.0
2024-04-22 00:00:00,5.96e-06,6.59e-06,5.92e-06,6.38e-06,30950938025305.0
2024-04-22 08:00:00,6.38e-06,6.65e-06,6.32e-06,6.56e-06,25177981050439.0
2024-04-22 16:00:00,6.56e-06,6.99e-06,6.46e-06,6.88e-06,22729020980704.0
2024-04-23 00:00:00,6.87e-06,6.99e-06,6.65e-06,6.71e-06,20372199322014.0
2024-04-23 08:00:00,6.71e-06,7.87e-06,6.65e-06,7.65e-06,44112154262993.0
2024-04-23 16:00:00,7.64e-06,7.87e-06,7.56e-06,7.68e-06,25993731580188.0
2024-04-24 00:00:00,7.67e-06,8.19e-06,7.67e-06,7.93e-06,29885140102059.0
2024-04-24 08:00:00,7.92e-06,8.05e-06,7.2e-06,7.3e-06,32890056516440.0
2024-04-24 16:00:00,7.3e-06,7.66e-06,7.05e-06,7.24e-06,20205679531373.0
2024-04-25 00:00:00,7.24e-06,7.47e-06,6.94e-06,7.31e-06,16734011615297.0
2024-04-25 08:00:00,7.31e-06,8.07e-06,7.14e-06,7.98e-06,32330965844147.0
2024-04-25 16:00:00,7.98e-06,8.09e-06,7.74e-06,7.78e-06,17907606624433.0
2024-04-26 00:00:00,7.77e-06,7.83e-06,7.25e-06,7.5e-06,19361815122571.0
2024-04-26 08:00:00,7.5e-06,7.9e-06,7.39e-06,7.46e-06,19871399664101.0
2024-04-26 16:00:00,7.47e-06,7.56e-06,7.22e-06,7.37e-06,8411306259528.0
2024-04-27 00:00:00,7.38e-06,7.43e-06,6.9e-06,7.05e-06,12005454028467.0
2024-04-27 08:00:00,7.05e-06,7.15e-06,6.66e-06,6.95e-06,16327276630184.0
2024-04-27 16:00:00,6.96e-06,7.4e-06,6.94e-06,7.21e-06,9828358693597.0
2024-04-28 00:00:00,7.2e-06,7.77e-06,7.19e-06,7.62e-06,14554542658702.0
2024-04-28 08:00:00,7.62e-06,7.67e-06,7.3e-06,7.43e-06,10553512399970.0
2024-04-28 16:00:00,7.44e-06,7.63e-06,7.13e-06,7.23e-06,8524965584902.0
2024-04-29 00:00:00,7.23e-06,7.34e-06,6.78e-06,6.92e-06,14229025465008.0
2024-04-29 08:00:00,6.93e-06,7.18e-06,6.84e-06,7.14e-06,15073704787543.0
2024-04-29 16:00:00,7.15e-06,7.49e-06,6.98e-06,7.35e-06,11160353382239.0
2024-04-30 00:00:00,7.35e-06,7.6e-06,7.18e-06,7.25e-06,14270585127400.0
2024-04-30 08:00:00,7.24e-06,7.26e-06,6.55e-06,6.7e-06,23950494586021.0
2024-04-30 16:00:00,6.7e-06,6.84e-06,6.33e-06,6.67e-06,18359101085822.0
2024-05-01 00:00:00,6.67e-06,6.79e-06,5.98e-06,6.12e-06,20004055689551.0
2024-05-01 08:00:00,6.11e-06,6.44e-06,5.92e-06,6.19e-06,19492574940909.0
2024-05-01 16:00:00,6.19e-06,7.27e-06,6.16e-06,6.98e-06,31407635135920.0
2024-05-02 00:00:00,6.98e-06,7.01e-06,6.67e-06,6.9e-06,11807146128158.0
2024-05-02 08:00:00,6.9e-06,7.88e-06,6.87e-06,7.68e-06,37640212815982.0
2024-05-02 16:00:00,7.67e-06,7.83e-06,7.46e-06,7.54e-06,14393526520098.0
2024-05-03 00:00:00,7.54e-06,8.08e-06,7.45e-06,7.62e-06,16153975982921.0
2024-05-03 08:00:00,7.61e-06,8.3e-06,7.54e-06,7.98e-06,29600280395900.0
2024-05-03 16:00:00,7.97e-06,8.25e-06,7.85e-06,8.08e-06,13303638590959.0
2024-05-04 00:00:00,8.07e-06,8.85e-06,8.01e-06,8.62e-06,22176224190869.0
2024-05-04 08:00:00,8.62e-06,8.98e-06,8.56e-06,8.63e-06,19836179043883.0
2024-05-04 16:00:00,8.63e-06,8.96e-06,8.46e-06,8.67e-06,11419971388512.0
2024-05-05 00:00:00,8.67e-06,8.75e-06,8.33e-06,8.6e-06,12741814750595.0
2024-05-05 08:00:00,8.61e-06,8.8e-06,8.36e-06,8.56e-06,13676997750753.0
2024-05-05 16:00:00,8.56e-06,8.63e-06,8.26e-06,8.53e-06,8204714447258.0
2024-05-06 00:00:00,8.52e-06,8.84e-06,8.5e-06,8.66e-06,12141950437167.0
2024-05-06 08:00:00,8.66e-06,9.18e-06,8.34e-06,8.53e-06,30748361136627.0
2024-05-06 16:00:00,8.53e-06,8.58e-06,8.3e-06,8.35e-06,8613329121051.0
2024-05-07 00:00:00,8.34e-06,8.65e-06,8.07e-06,8.27e-06,14784147869274.0
2024-05-07 08:00:00,8.27e-06,8.55e-06,8.15e-06,8.21e-06,11720277264680.0
2024-05-07 16:00:00,8.21e-06,8.29e-06,7.89e-06,7.89e-06,8033926192599.0
2024-05-08 00:00:00,7.89e-06,8.1e-06,7.76e-06,7.9e-06,9550011616591.0
2024-05-08 08:00:00,7.9e-06,8.17e-06,7.74e-06,7.98e-06,12260974985724.0
2024-05-08 16:00:00,7.98e-06,8.25e-06,7.61e-06,7.96e-06,11972023831702.0
2024-05-09 00:00:00,7.96e-06,8.5e-06,7.89e-06,8.19e-06,13564358645525.0
2024-05-09 08:00:00,8.19e-06,8.46e-06,7.9e-06,8.43e-06,16098292811770.0
2024-05-09 16:00:00,8.42e-06,8.75e-06,8.32e-06,8.53e-06,13588372807833.0
2024-05-10 00:00:00,8.54e-06,8.8e-06,8.4e-06,8.62e-06,8638535652429.0
2024-05-10 08:00:00,8.61e-06,8.82e-06,8.16e-06,8.34e-06,18586221893759.0
2024-05-10 16:00:00,8.34e-06,8.51e-06,8.19e-06,8.41e-06,9804801642622.0
2024-05-11 00:00:00,8.41e-06,8.95e-06,8.39e-06,8.73e-06,13916902589977.0
2024-05-11 08:00:00,8.73e-06,8.78e-06,8.37e-06,8.68e-06,9627032846320.0
2024-05-11 16:00:00,8.67e-06,8.74e-06,8.44e-06,8.52e-06,5476339501540.0
2024-05-12 00:00:00,8.51e-06,8.74e-06,8.49e-06,8.55e-06,5246315105887.0
2024-05-12 08:00:00,8.55e-06,8.95e-06,8.53e-06,8.89e-06,9488007467291.0
2024-05-12 16:00:00,8.89e-06,8.95e-06,8.64e-06,8.76e-06,6613182907749.0
2024-05-13 00:00:00,8.75e-06,8.84e-06,8.3e-06,8.72e-06,11715554230187.0
2024-05-13 08:00:00,8.72e-06,9.88e-06,8.7e-06,9.74e-06,34251143643243.0
2024-05-13 16:00:00,9.74e-06,1.119e-05,9.66e-06,9.92e-06,43138993114390.0
2024-05-14 00:00:00,9.91e-06,1.085e-05,9.82e-06,1.079e-05,26482881026316.0
2024-05-14 08:00:00,1.078e-05,1.146e-05,1.023e-05,1.04e-05,54879289401863.0
2024-05-14 16:00:00,1.04e-05,1.086e-05,1.012e-05,1.057e-05,16855865970080.0
2024-05-15 00:00:00,1.057e-05,1.161e-05,1.056e-05,1.144e-05,21813225095013.0
2024-05-15 08:00:00,1.144e-05,1.148e-05,1.025e-05,1.028e-05,33097254253709.0
2024-05-15 16:00:00,1.028e-05,1.075e-05,9.94e-06,1.05e-05,19744917115595.0
2024-05-16 00:00:00,1.051e-05,1.08e-05,1.013e-05,1.058e-05,14764046695453.0
2024-05-16 08:00:00,1.057e-05,1.07e-05,9.6e-06,9.74e-06,16951594569938.0
2024-05-16 16:00:00,9.74e-06,1.025e-05,9.65e-06,1.003e-05,9138571549180.0
2024-05-17 00:00:00,1.004e-05,1.044e-05,9.83e-06,1.018e-05,9692628219530.0
2024-05-17 08:00:00,1.019e-05,1.036e-05,9.83e-06,1.02e-05,12147933632618.0
2024-05-17 16:00:00,1.02e-05,1.035e-05,1.011e-05,1.018e-05,5521437440733.0
2024-05-18 00:00:00,1.018e-05,1.046e-05,9.93e-06,1.002e-05,6588881724216.0
2024-05-18 08:00:00,1.002e-05,1.013e-05,9.17e-06,9.44e-06,12542592087306.0
2024-05-18 16:00:00,9.43e-06,9.61e-06,9.32e-06,9.54e-06,5466556303154.0
2024-05-19 00:00:00,9.55e-06,9.6e-06,9.4e-06,9.42e-06,3754625120345.0
2024-05-19 08:00:00,9.42e-06,9.53e-06,8.92e-06,9.1e-06,11100997665649.0
2024-05-19 16:00:00,9.1e-06,9.19e-06,8.89e-06,9.16e-06,4837648068647.0
2024-05-20 00:00:00,9.15e-06,9.54e-06,8.95e-06,9.37e-06,8150170909580.0
2024-05-20 08:00:00,9.38e-06,9.48e-06,9.17e-06,9.43e-06,6114321032729.0
2024-05-20 16:00:00,9.44e-06,1.145e-05,9.41e-06,1.141e-05,38842669373588.0
2024-05-21 00:00:00,1.141e-05,1.152e-05,1.082e-05,1.1e-05,16806719170862.0
2024-05-21 08:00:00,1.1e-05,1.281e-05,1.094e-05,1.222e-05,42091440159260.0
2024-05-21 16:00:00,1.223e-05,1.417e-05,1.219e-05,1.384e-05,36283405485443.0
2024-05-22 00:00:00,1.383e-05,1.433e-05,1.312e-05,1.369e-05,25815398991707.0
2024-05-22 08:00:00,1.369e-05,1.405e-05,1.25e-05,1.376e-05,28860721162351.0
2024-05-22 16:00:00,1.376e-05,1.385e-05,1.315e-05,1.338e-05,14578026874816.0
2024-05-23 00:00:00,1.338e-05,1.475e-05,1.328e-05,1.456e-05,22950346190904.0
2024-05-23 08:00:00,1.455e-05,1.467e-05,1.333e-05,1.369e-05,30053167003940.0
2024-05-23 16:00:00,1.369e-05,1.576e-05,1.276e-05,1.494e-05,42684530877806.0
2024-05-24 00:00:00,1.493e-05,1.517e-05,1.375e-05,1.394e-05,15265604631532.0
2024-05-24 08:00:00,1.394e-05,1.451e-05,1.344e-05,1.424e-05,19110835701397.0
2024-05-24 16:00:00,1.424e-05,1.44e-05,1.381e-05,1.415e-05,9998436471675.0
2024-05-25 00:00:00,1.415e-05,1.56e-05,1.411e-05,1.548e-05,18532362887038.0
2024-05-25 08:00:00,1.548e-05,1.585e-05,1.487e-05,1.509e-05,18217003562839.0
2024-05-25 16:00:00,1.509e-05,1.541e-05,1.487e-05,1.497e-05,6462303615708.0
2024-05-26 00:00:00,1.496e-05,1.538e-05,1.462e-05,1.511e-05,10687942537314.0
2024-05-26 08:00:00,1.511e-05,1.635e-05,1.502e-05,1.574e-05,25865392664990.0
2024-05-26 16:00:00,1.573e-05,1.639e-05,1.56e-05,1.603e-05,11069007349892.0
2024-05-27 00:00:00,1.603e-05,1.706e-05,1.599e-05,1.684e-05,19091635146150.0
2024-05-27 08:00:00,1.685e-05,1.725e-05,1.642e-05,1.7e-05,19521996174707.0
2024-05-27 16:00:00,1.701e-05,1.709e-05,1.628e-05,1.671e-05,10991038220567.0
2024-05-28 00:00:00,1.671e-05,1.71e-05,1.556e-05,1.618e-05,21330039590480.0
2024-05-28 08:00:00,1.619e-05,1.693e-05,1.565e-05,1.6e-05,19715132433321.0
2024-05-28 16:00:00,1.601e-05,1.633e-05,1.579e-05,1.6e-05,8036298961404.0
2024-05-29 00:00:00,1.6e-05,1.656e-05,1.561e-05,1.569e-05,12223358970281.0
2024-05-29 08:00:00,1.568e-05,1.571e-05,1.466e-05,1.474e-05,19909726974674.0
2024-05-29 16:00:00,1.474e-05,1.5e-05,1.433e-05,1.476e-05,9926058322741.0
2024-05-30 00:00:00,1.476e-05,1.522e-05,1.313e-05,1.329e-05,21770868100877.0
2024-05-30 08:00:00,1.329e-05,1.467e-05,1.32e-05,1.433e-05,23080968398139.0
2024-05-30 16:00:00,1.434e-05,1.507e-05,1.416e-05,1.442e-05,12835336404446.0
2024-05-31 00:00:00,1.442e-05,1.49e-05,1.425e-05,1.484e-05,8402733576272.0
2024-05-31 08:00:00,1.483e-05,1.58e-05,1.454e-05,1.482e-05,19300864090599.0
2024-05-31 16:00:00,1.482e-05,1.567e-05,1.438e-05,1.542e-05,13429054255299.0
2024-06-01 00:00:00,1.542e-05,1.557e-05,1.5e-05,1.543e-05,6223368999673.0
2024-06-01 08:00:00,1.543e-05,1.577e-05,1.514e-05,1.545e-05,8744200254949.0
2024-06-01 16:00:00,1.545e-05,1.557e-05,1.475e-05,1.486e-05,7435274388754.0
2024-06-02 00:00:00,1.485e-05,1.509e-05,1.455e-05,1.461e-05,8102912865976.0
2024-06-02 08:00:00,1.462e-05,1.505e-05,1.434e-05,1.48e-05,9323104696014.0
2024-06-02 16:00:00,1.479e-05,1.483e-05,1.388e-05,1.463e-05,11806940252150.0
2024-06-03 00:00:00,1.463e-05,1.543e-05,1.449e-05,1.532e-05,12667892534707.0
2024-06-03 08:00:00,1.532e-05,1.551e-05,1.475e-05,1.514e-05,12255687411059.0
2024-06-03 16:00:00,1.514e-05,1.518e-05,1.435e-05,1.444e-05,5501500635061.0
2024-06-04 00:00:00,1.444e-05,1.464e-05,1.397e-05,1.416e-05,9444797366643.0
2024-06-04 08:00:00,1.416e-05,1.474e-05,1.405e-05,1.466e-05,8577869456742.0
2024-06-04 16:00:00,1.466e-05,1.479e-05,1.401e-05,1.436e-05,8816934763888.0
2024-06-05 00:00:00,1.437e-05,1.51e-05,1.423e-05,1.485e-05,11958629664402.0
2024-06-05 08:00:00,1.486e-05,1.494e-05,1.407e-05,1.438e-05,9425006594050.0
2024-06-05 16:00:00,1.438e-05,1.493e-05,1.419e-05,1.458e-05,7250098039913.0
2024-06-06 00:00:00,1.459e-05,1.522e-05,1.44e-05,1.472e-05,8438884649168.0
2024-06-06 08:00:00,1.472e-05,1.491e-05,1.45e-05,1.46e-05,6354156830851.0
2024-06-06 16:00:00,1.46e-05,1.466e-05,1.421e-05,1.434e-05,4590059923219.0
2024-06-07 00:00:00,1.435e-05,1.453e-05,1.415e-05,1.444e-05,4432213456261.0
2024-06-07 08:00:00,1.444e-05,1.446e-05,1.352e-05,1.408e-05,11105679615118.0
2024-06-07 16:00:00,1.408e-05,1.411e-05,1.116e-05,1.278e-05,28205934381918.0
2024-06-08 00:00:00,1.279e-05,1.323e-05,1.273e-05,1.32e-05,4989036842445.0
2024-06-08 08:00:00,1.321e-05,1.321e-05,1.221e-05,1.255e-05,11704725643241.0
2024-06-08 16:00:00,1.255e-05,1.262e-05,1.196e-05,1.211e-05,10196322373545.0
2024-06-09 00:00:00,1.211e-05,1.244e-05,1.185e-05,1.228e-05,11163862851201.0
2024-06-09 08:00:00,1.228e-05,1.275e-05,1.221e-05,1.259e-05,6347869809240.0
2024-06-09 16:00:00,1.259e-05,1.296e-05,1.251e-05,1.276e-05,4877131108542.0
2024-06-10 00:00:00,1.276e-05,1.288e-05,1.223e-05,1.227e-05,5645986670744.0
2024-06-10 08:00:00,1.226e-05,1.313e-05,1.226e-05,1.298e-05,7545639558868.0
2024-06-10 16:00:00,1.298e-05,1.303e-05,1.252e-05,1.252e-05,3691806986539.0
