timestamp,datetime,symbol,baseVolume,quoteVolume,openInterestAmount,openInterestValue
1716260400000,2024-05-21T03:00:00.000Z,WLD/USDT:USDT,17221296.0,86562844.344,17221296.0,86562844.344
1716264000000,2024-05-21T04:00:00.000Z,WLD/USDT:USDT,17290669.0,87098708.15439685,17290669.0,87098708.15439685
1716267600000,2024-05-21T05:00:00.000Z,WLD/USDT:USDT,17269810.0,88209547.7004682,17269810.0,88209547.7004682
1716271200000,2024-05-21T06:00:00.000Z,WLD/USDT:USDT,17099357.0,88456533.7353391,17099357.0,88456533.7353391
1716274800000,2024-05-21T07:00:00.000Z,WLD/USDT:USDT,17151033.0,88178348.697405,17151033.0,88178348.697405
1716278400000,2024-05-21T08:00:00.000Z,WLD/USDT:USDT,17169151.0,88200511.44238493,17169151.0,88200511.44238493
1716282000000,2024-05-21T09:00:00.000Z,WLD/USDT:USDT,17142669.0,88104747.3255,17142669.0,88104747.3255
1716285600000,2024-05-21T10:00:00.000Z,WLD/USDT:USDT,17168523.0,88217021.7309,17168523.0,88217021.7309
1716289200000,2024-05-21T11:00:00.000Z,WLD/USDT:USDT,17049099.0,88572672.36143532,17049099.0,88572672.36143532
1716292800000,2024-05-21T12:00:00.000Z,WLD/USDT:USDT,17141175.0,88229055.96,17141175.0,88229055.96
1716296400000,2024-05-21T13:00:00.000Z,WLD/USDT:USDT,17505961.0,89434347.12055711,17505961.0,89434347.12055711
1716300000000,2024-05-21T14:00:00.000Z,WLD/USDT:USDT,17876063.0,91326378.65516587,17876063.0,91326378.65516587
1716303600000,2024-05-21T15:00:00.000Z,WLD/USDT:USDT,18041664.0,91375664.91454272,18041664.0,91375664.91454272
1716307200000,2024-05-21T16:00:00.000Z,WLD/USDT:USDT,17801383.0,89502060.64615883,17801383.0,89502060.64615883
1716310800000,2024-05-21T17:00:00.000Z,WLD/USDT:USDT,17951120.0,91289431.4737768,17951120.0,91289431.4737768
1716314400000,2024-05-21T18:00:00.000Z,WLD/USDT:USDT,17916735.0,90344526.3518406,17916735.0,90344526.3518406
1716318000000,2024-05-21T19:00:00.000Z,WLD/USDT:USDT,17914964.0,90180123.6376464,17914964.0,90180123.6376464
1716321600000,2024-05-21T20:00:00.000Z,WLD/USDT:USDT,17786295.0,88129313.0955,17786295.0,88129313.0955
1716325200000,2024-05-21T21:00:00.000Z,WLD/USDT:USDT,17704376.0,88960948.5248,17704376.0,88960948.5248
1716328800000,2024-05-21T22:00:00.000Z,WLD/USDT:USDT,17685948.0,88455080.78001335,17685948.0,88455080.78001335
1716332400000,2024-05-21T23:00:00.000Z,WLD/USDT:USDT,17874890.0,91306429.6008216,17874890.0,91306429.6008216
1716336000000,2024-05-22T00:00:00.000Z,WLD/USDT:USDT,17909428.0,91306476.42055988,17909428.0,91306476.42055988
1716339600000,2024-05-22T01:00:00.000Z,WLD/USDT:USDT,17807759.0,90162464.5929,17807759.0,90162464.5929
1716343200000,2024-05-22T02:00:00.000Z,WLD/USDT:USDT,17864202.0,91121780.69210862,17864202.0,91121780.69210862
1716346800000,2024-05-22T03:00:00.000Z,WLD/USDT:USDT,17859486.0,89880116.09056404,17859486.0,89880116.09056404
1716350400000,2024-05-22T04:00:00.000Z,WLD/USDT:USDT,17985383.0,91322580.7208,17985383.0,91322580.7208
1716354000000,2024-05-22T05:00:00.000Z,WLD/USDT:USDT,17843239.0,89548079.2454,17843239.0,89548079.2454
1716357600000,2024-05-22T06:00:00.000Z,WLD/USDT:USDT,17874832.0,90789846.6944,17874832.0,90789846.6944
1716361200000,2024-05-22T07:00:00.000Z,WLD/USDT:USDT,17943875.0,91738060.9375,17943875.0,91738060.9375
1716364800000,2024-05-22T08:00:00.000Z,WLD/USDT:USDT,18029972.0,91552346.07308164,18029972.0,91552346.07308164
1716368400000,2024-05-22T09:00:00.000Z,WLD/USDT:USDT,18010574.0,91381791.54925162,18010574.0,91381791.54925162
1716372000000,2024-05-22T10:00:00.000Z,WLD/USDT:USDT,17993482.0,90903071.064,17993482.0,90903071.064
1716375600000,2024-05-22T11:00:00.000Z,WLD/USDT:USDT,17970586.0,92248521.07055078,17970586.0,92248521.07055078
1716379200000,2024-05-22T12:00:00.000Z,WLD/USDT:USDT,17779302.0,89698285.93637106,17779302.0,89698285.93637106
1716382800000,2024-05-22T13:00:00.000Z,WLD/USDT:USDT,17879846.0,88171109.50826268,17879846.0,88171109.50826268
1716386400000,2024-05-22T14:00:00.000Z,WLD/USDT:USDT,18123122.0,90323947.3484052,18123122.0,90323947.3484052
1716390000000,2024-05-22T15:00:00.000Z,WLD/USDT:USDT,18055290.0,90864984.9272154,18055290.0,90864984.9272154
1716393600000,2024-05-22T16:00:00.000Z,WLD/USDT:USDT,17979807.0,92532273.20792517,17979807.0,92532273.20792517
1716397200000,2024-05-22T17:00:00.000Z,WLD/USDT:USDT,17706951.0,90326698.4412,17706951.0,90326698.4412
1716400800000,2024-05-22T18:00:00.000Z,WLD/USDT:USDT,17682727.0,89631222.13661161,17682727.0,89631222.13661161
1716404400000,2024-05-22T19:00:00.000Z,WLD/USDT:USDT,17584272.0,87545056.5792,17584272.0,87545056.5792
1716408000000,2024-05-22T20:00:00.000Z,WLD/USDT:USDT,17706130.0,89658135.8113623,17706130.0,89658135.8113623
1716411600000,2024-05-22T21:00:00.000Z,WLD/USDT:USDT,18395842.0,93613498.4428642,18395842.0,93613498.4428642
1716415200000,2024-05-22T22:00:00.000Z,WLD/USDT:USDT,18608266.0,93439546.8924,18608266.0,93439546.8924
1716418800000,2024-05-22T23:00:00.000Z,WLD/USDT:USDT,18795576.0,93348228.204,18795576.0,93348228.204
1716422400000,2024-05-23T00:00:00.000Z,WLD/USDT:USDT,18840916.0,93675150.2604,18840916.0,93675150.2604
1716426000000,2024-05-23T01:00:00.000Z,WLD/USDT:USDT,19014184.0,94713453.3408,19014184.0,94713453.3408
1716429600000,2024-05-23T02:00:00.000Z,WLD/USDT:USDT,18735313.0,93327818.3896928,18735313.0,93327818.3896928
1716433200000,2024-05-23T03:00:00.000Z,WLD/USDT:USDT,18701179.0,92500051.9004732,18701179.0,92500051.9004732
1716436800000,2024-05-23T04:00:00.000Z,WLD/USDT:USDT,18707185.0,93055150.3455,18707185.0,93055150.3455
1716440400000,2024-05-23T05:00:00.000Z,WLD/USDT:USDT,18800324.0,93095444.3832,18800324.0,93095444.3832
1716444000000,2024-05-23T06:00:00.000Z,WLD/USDT:USDT,18900729.0,93003481.85379615,18900729.0,93003481.85379615
1716447600000,2024-05-23T07:00:00.000Z,WLD/USDT:USDT,19143051.0,95133306.2496,19143051.0,95133306.2496
1716451200000,2024-05-23T08:00:00.000Z,WLD/USDT:USDT,19153197.0,94838970.2652,19153197.0,94838970.2652
1716454800000,2024-05-23T09:00:00.000Z,WLD/USDT:USDT,19242966.0,94884264.72472836,19242966.0,94884264.72472836
1716458400000,2024-05-23T10:00:00.000Z,WLD/USDT:USDT,19199107.0,93304672.6389508,19199107.0,93304672.6389508
1716462000000,2024-05-23T11:00:00.000Z,WLD/USDT:USDT,19289911.0,93197276.0054,19289911.0,93197276.0054
1716465600000,2024-05-23T12:00:00.000Z,WLD/USDT:USDT,19430473.0,95241037.3642583,19430473.0,95241037.3642583
1716469200000,2024-05-23T13:00:00.000Z,WLD/USDT:USDT,18988941.0,89886051.1176,18988941.0,89886051.1176
1716472800000,2024-05-23T14:00:00.000Z,WLD/USDT:USDT,18673960.0,85092266.9527232,18673960.0,85092266.9527232
1716476400000,2024-05-23T15:00:00.000Z,WLD/USDT:USDT,18765663.0,85702782.921,18765663.0,85702782.921
1716480000000,2024-05-23T16:00:00.000Z,WLD/USDT:USDT,18752402.0,86099273.1655661,18752402.0,86099273.1655661
1716483600000,2024-05-23T17:00:00.000Z,WLD/USDT:USDT,19093588.0,88514055.2504,19093588.0,88514055.2504
1716487200000,2024-05-23T18:00:00.000Z,WLD/USDT:USDT,19187458.0,89400123.0594,19187458.0,89400123.0594
1716490800000,2024-05-23T19:00:00.000Z,WLD/USDT:USDT,18938159.0,87884420.6554,18938159.0,87884420.6554
1716494400000,2024-05-23T20:00:00.000Z,WLD/USDT:USDT,18914719.0,87794559.7104,18914719.0,87794559.7104
1716498000000,2024-05-23T21:00:00.000Z,WLD/USDT:USDT,18673819.0,87628763.0394,18673819.0,87628763.0394
1716501600000,2024-05-23T22:00:00.000Z,WLD/USDT:USDT,18575251.0,87932197.09390628,18575251.0,87932197.09390628
1716505200000,2024-05-23T23:00:00.000Z,WLD/USDT:USDT,18563051.0,87271390.35169399,18563051.0,87271390.35169399
1716508800000,2024-05-24T00:00:00.000Z,WLD/USDT:USDT,18591644.0,87330040.02912992,18591644.0,87330040.02912992
1716512400000,2024-05-24T01:00:00.000Z,WLD/USDT:USDT,18707299.0,88223622.084,18707299.0,88223622.084
1716516000000,2024-05-24T02:00:00.000Z,WLD/USDT:USDT,18642835.0,88388271.3433516,18642835.0,88388271.3433516
1716519600000,2024-05-24T03:00:00.000Z,WLD/USDT:USDT,18637748.0,87878845.5948,18637748.0,87878845.5948
1716523200000,2024-05-24T04:00:00.000Z,WLD/USDT:USDT,18654323.0,88216293.467,18654323.0,88216293.467
1716526800000,2024-05-24T05:00:00.000Z,WLD/USDT:USDT,18663733.0,87870070.90620495,18663733.0,87870070.90620495
1716530400000,2024-05-24T06:00:00.000Z,WLD/USDT:USDT,18518268.0,85698840.6504,18518268.0,85698840.6504
1716534000000,2024-05-24T07:00:00.000Z,WLD/USDT:USDT,18485806.0,83854798.16264483,18485806.0,83854798.16264483
1716537600000,2024-05-24T08:00:00.000Z,WLD/USDT:USDT,18470285.0,85363666.43306024,18470285.0,85363666.43306024
1716541200000,2024-05-24T09:00:00.000Z,WLD/USDT:USDT,18465546.0,85249560.3013131,18465546.0,85249560.3013131
1716544800000,2024-05-24T10:00:00.000Z,WLD/USDT:USDT,18465327.0,85195325.7126,18465327.0,85195325.7126
1716548400000,2024-05-24T11:00:00.000Z,WLD/USDT:USDT,18571536.0,85180944.86472528,18571536.0,85180944.86472528
1716552000000,2024-05-24T12:00:00.000Z,WLD/USDT:USDT,18639154.0,85894813.3782,18639154.0,85894813.3782
1716555600000,2024-05-24T13:00:00.000Z,WLD/USDT:USDT,18824533.0,86067915.57889526,18824533.0,86067915.57889526
1716559200000,2024-05-24T14:00:00.000Z,WLD/USDT:USDT,18985168.0,85978987.88163856,18985168.0,85978987.88163856
1716562800000,2024-05-24T15:00:00.000Z,WLD/USDT:USDT,19188387.0,87487506.55101302,19188387.0,87487506.55101302
1716566400000,2024-05-24T16:00:00.000Z,WLD/USDT:USDT,19215963.0,87169372.9569,19215963.0,87169372.9569
1716570000000,2024-05-24T17:00:00.000Z,WLD/USDT:USDT,19234191.0,86721669.54577287,19234191.0,86721669.54577287
1716573600000,2024-05-24T18:00:00.000Z,WLD/USDT:USDT,19193396.0,87084276.3312,19193396.0,87084276.3312
1716577200000,2024-05-24T19:00:00.000Z,WLD/USDT:USDT,19155109.0,87510214.30686244,19155109.0,87510214.30686244
1716580800000,2024-05-24T20:00:00.000Z,WLD/USDT:USDT,19215486.0,88042813.49027304,19215486.0,88042813.49027304
1716584400000,2024-05-24T21:00:00.000Z,WLD/USDT:USDT,19268705.0,88279571.9575,19268705.0,88279571.9575
1716588000000,2024-05-24T22:00:00.000Z,WLD/USDT:USDT,19223022.0,87965609.97504462,19223022.0,87965609.97504462
1716591600000,2024-05-24T23:00:00.000Z,WLD/USDT:USDT,19319715.0,88368376.41,19319715.0,88368376.41
1716595200000,2024-05-25T00:00:00.000Z,WLD/USDT:USDT,19356727.0,88855119.6208,19356727.0,88855119.6208
1716598800000,2024-05-25T01:00:00.000Z,WLD/USDT:USDT,19409539.0,88965562.9604,19409539.0,88965562.9604
1716602400000,2024-05-25T02:00:00.000Z,WLD/USDT:USDT,19462735.0,89435505.72480094,19462735.0,89435505.72480094
1716606000000,2024-05-25T03:00:00.000Z,WLD/USDT:USDT,19509355.0,89807413.8715,19509355.0,89807413.8715
1716609600000,2024-05-25T04:00:00.000Z,WLD/USDT:USDT,19526664.0,90089744.40605807,19526664.0,90089744.40605807
1716613200000,2024-05-25T05:00:00.000Z,WLD/USDT:USDT,19509406.0,90358487.54878917,19509406.0,90358487.54878917
1716616800000,2024-05-25T06:00:00.000Z,WLD/USDT:USDT,19766308.0,92472718.7164,19766308.0,92472718.7164
1716620400000,2024-05-25T07:00:00.000Z,WLD/USDT:USDT,19740745.0,92271811.45410345,19740745.0,92271811.45410345
1716624000000,2024-05-25T08:00:00.000Z,WLD/USDT:USDT,19777947.0,93133625.38566828,19777947.0,93133625.38566828
1716627600000,2024-05-25T09:00:00.000Z,WLD/USDT:USDT,19841775.0,93925967.68314375,19841775.0,93925967.68314375
1716631200000,2024-05-25T10:00:00.000Z,WLD/USDT:USDT,19752417.0,94025492.9329923,19752417.0,94025492.9329923
1716634800000,2024-05-25T11:00:00.000Z,WLD/USDT:USDT,19652132.0,93982390.8636,19652132.0,93982390.8636
1716638400000,2024-05-25T12:00:00.000Z,WLD/USDT:USDT,19798155.0,94567867.173,19798155.0,94567867.173
1716642000000,2024-05-25T13:00:00.000Z,WLD/USDT:USDT,19636126.0,93200908.4464,19636126.0,93200908.4464
1716645600000,2024-05-25T14:00:00.000Z,WLD/USDT:USDT,19497585.0,92161184.778,19497585.0,92161184.778
1716649200000,2024-05-25T15:00:00.000Z,WLD/USDT:USDT,19359986.0,91770905.69429377,19359986.0,91770905.69429377
1716652800000,2024-05-25T16:00:00.000Z,WLD/USDT:USDT,19173113.0,91436899.34741631,19173113.0,91436899.34741631
1716656400000,2024-05-25T17:00:00.000Z,WLD/USDT:USDT,19187186.0,90879484.63230173,19187186.0,90879484.63230173
1716660000000,2024-05-25T18:00:00.000Z,WLD/USDT:USDT,19220446.0,90917587.15258142,19220446.0,90917587.15258142
1716663600000,2024-05-25T19:00:00.000Z,WLD/USDT:USDT,19220031.0,91116400.9617,19220031.0,91116400.9617
1716667200000,2024-05-25T20:00:00.000Z,WLD/USDT:USDT,19242328.0,90973878.3184,19242328.0,90973878.3184
1716670800000,2024-05-25T21:00:00.000Z,WLD/USDT:USDT,19152966.0,90297657.9918252,19152966.0,90297657.9918252
1716674400000,2024-05-25T22:00:00.000Z,WLD/USDT:USDT,19190626.0,90406891.51008606,19190626.0,90406891.51008606
1716678000000,2024-05-25T23:00:00.000Z,WLD/USDT:USDT,19242219.0,90679521.21936108,19242219.0,90679521.21936108
1716681600000,2024-05-26T00:00:00.000Z,WLD/USDT:USDT,19298658.0,90962294.6172,19298658.0,90962294.6172
1716685200000,2024-05-26T01:00:00.000Z,WLD/USDT:USDT,19418375.0,91279325.8187825,19418375.0,91279325.8187825
1716688800000,2024-05-26T02:00:00.000Z,WLD/USDT:USDT,19276021.0,90736086.0512,19276021.0,90736086.0512
1716692400000,2024-05-26T03:00:00.000Z,WLD/USDT:USDT,19301726.0,90048342.3078,19301726.0,90048342.3078
1716696000000,2024-05-26T04:00:00.000Z,WLD/USDT:USDT,19380843.0,90729608.85327339,19380843.0,90729608.85327339
1716699600000,2024-05-26T05:00:00.000Z,WLD/USDT:USDT,19285975.0,90163673.8771035,19285975.0,90163673.8771035
1716703200000,2024-05-26T06:00:00.000Z,WLD/USDT:USDT,19346861.0,90478584.5565245,19346861.0,90478584.5565245
1716706800000,2024-05-26T07:00:00.000Z,WLD/USDT:USDT,19350818.0,90296468.34417602,19350818.0,90296468.34417602
1716710400000,2024-05-26T08:00:00.000Z,WLD/USDT:USDT,19533885.0,91723310.406,19533885.0,91723310.406
1716714000000,2024-05-26T09:00:00.000Z,WLD/USDT:USDT,19327614.0,89888784.0824598,19327614.0,89888784.0824598
1716717600000,2024-05-26T10:00:00.000Z,WLD/USDT:USDT,19362916.0,89608522.87792176,19362916.0,89608522.87792176
1716721200000,2024-05-26T11:00:00.000Z,WLD/USDT:USDT,19519423.0,90550261.31670904,19519423.0,90550261.31670904
1716724800000,2024-05-26T12:00:00.000Z,WLD/USDT:USDT,19647026.0,90928100.23463194,19647026.0,90928100.23463194
1716728400000,2024-05-26T13:00:00.000Z,WLD/USDT:USDT,19730370.0,90887261.4069981,19730370.0,90887261.4069981
1716732000000,2024-05-26T14:00:00.000Z,WLD/USDT:USDT,19897944.0,91201453.2888756,19897944.0,91201453.2888756
1716735600000,2024-05-26T15:00:00.000Z,WLD/USDT:USDT,20061486.0,92840544.9108,20061486.0,92840544.9108
1716739200000,2024-05-26T16:00:00.000Z,WLD/USDT:USDT,20155657.0,92350714.62272176,20155657.0,92350714.62272176
1716742800000,2024-05-26T17:00:00.000Z,WLD/USDT:USDT,20216756.0,92871733.7128,20216756.0,92871733.7128
1716746400000,2024-05-26T18:00:00.000Z,WLD/USDT:USDT,20214456.0,92209920.46100448,20214456.0,92209920.46100448
1716750000000,2024-05-26T19:00:00.000Z,WLD/USDT:USDT,20322226.0,92451831.20756447,20322226.0,92451831.20756447
1716753600000,2024-05-26T20:00:00.000Z,WLD/USDT:USDT,20383106.0,93014329.93299212,20383106.0,93014329.93299212
1716757200000,2024-05-26T21:00:00.000Z,WLD/USDT:USDT,20334472.0,92159893.9984,20334472.0,92159893.9984
1716760800000,2024-05-26T22:00:00.000Z,WLD/USDT:USDT,20254346.0,92404707.26449634,20254346.0,92404707.26449634
1716764400000,2024-05-26T23:00:00.000Z,WLD/USDT:USDT,20307610.0,92631132.254,20307610.0,92631132.254
1716768000000,2024-05-27T00:00:00.000Z,WLD/USDT:USDT,20294078.0,92086408.3328,20294078.0,92086408.3328
1716771600000,2024-05-27T01:00:00.000Z,WLD/USDT:USDT,20441350.0,93458485.2686095,20441350.0,93458485.2686095
1716775200000,2024-05-27T02:00:00.000Z,WLD/USDT:USDT,20466030.0,93937031.097,20466030.0,93937031.097
1716778800000,2024-05-27T03:00:00.000Z,WLD/USDT:USDT,20408955.0,93808925.7067032,20408955.0,93808925.7067032
1716782400000,2024-05-27T04:00:00.000Z,WLD/USDT:USDT,20450859.0,93901659.0481827,20450859.0,93901659.0481827
1716786000000,2024-05-27T05:00:00.000Z,WLD/USDT:USDT,20467198.0,93569889.0966,20467198.0,93569889.0966
1716789600000,2024-05-27T06:00:00.000Z,WLD/USDT:USDT,20519239.0,93121101.9281543,20519239.0,93121101.9281543
1716793200000,2024-05-27T07:00:00.000Z,WLD/USDT:USDT,20641059.0,93682532.1098205,20641059.0,93682532.1098205
1716796800000,2024-05-27T08:00:00.000Z,WLD/USDT:USDT,20656481.0,94418709.0029,20656481.0,94418709.0029
1716800400000,2024-05-27T09:00:00.000Z,WLD/USDT:USDT,20638474.0,94662488.6958,20638474.0,94662488.6958
1716804000000,2024-05-27T10:00:00.000Z,WLD/USDT:USDT,20658495.0,94809325.35821176,20658495.0,94809325.35821176
1716807600000,2024-05-27T11:00:00.000Z,WLD/USDT:USDT,20547134.0,94742304.34700012,20547134.0,94742304.34700012
1716811200000,2024-05-27T12:00:00.000Z,WLD/USDT:USDT,20441051.0,94347714.9956,20441051.0,94347714.9956
1716814800000,2024-05-27T13:00:00.000Z,WLD/USDT:USDT,20514006.0,94684446.0936,20514006.0,94684446.0936
1716818400000,2024-05-27T14:00:00.000Z,WLD/USDT:USDT,20589058.0,96342859.8539043,20589058.0,96342859.8539043
1716822000000,2024-05-27T15:00:00.000Z,WLD/USDT:USDT,20672752.0,96946937.7792,20672752.0,96946937.7792
1716825600000,2024-05-27T16:00:00.000Z,WLD/USDT:USDT,20689985.0,97499485.314,20689985.0,97499485.314
1716829200000,2024-05-27T17:00:00.000Z,WLD/USDT:USDT,20882655.0,99382643.4105,20882655.0,99382643.4105
1716832800000,2024-05-27T18:00:00.000Z,WLD/USDT:USDT,20853040.0,98572320.08,20853040.0,98572320.08
1716836400000,2024-05-27T19:00:00.000Z,WLD/USDT:USDT,21334738.0,101608292.17717119,21334738.0,101608292.17717119
1716840000000,2024-05-27T20:00:00.000Z,WLD/USDT:USDT,20468732.0,99162819.0472,20468732.0,99162819.0472
1716843600000,2024-05-27T21:00:00.000Z,WLD/USDT:USDT,20454315.0,98619741.57627165,20454315.0,98619741.57627165
1716847200000,2024-05-27T22:00:00.000Z,WLD/USDT:USDT,20494047.0,98589352.12288155,20494047.0,98589352.12288155
1716850800000,2024-05-27T23:00:00.000Z,WLD/USDT:USDT,20423085.0,97544738.577,20423085.0,97544738.577
1716854400000,2024-05-28T00:00:00.000Z,WLD/USDT:USDT,20464013.0,98428853.80134326,20464013.0,98428853.80134326
1716858000000,2024-05-28T01:00:00.000Z,WLD/USDT:USDT,20471433.0,96855822.15118389,20471433.0,96855822.15118389
1716861600000,2024-05-28T02:00:00.000Z,WLD/USDT:USDT,20067503.0,92866383.6331,20067503.0,92866383.6331
1716865200000,2024-05-28T03:00:00.000Z,WLD/USDT:USDT,19893973.0,93036154.1318,19893973.0,93036154.1318
1716868800000,2024-05-28T04:00:00.000Z,WLD/USDT:USDT,19914779.0,92021290.93955798,19914779.0,92021290.93955798
1716872400000,2024-05-28T05:00:00.000Z,WLD/USDT:USDT,19970560.0,91351955.4897664,19970560.0,91351955.4897664
1716876000000,2024-05-28T06:00:00.000Z,WLD/USDT:USDT,20062913.0,92951039.56064226,20062913.0,92951039.56064226
1716879600000,2024-05-28T07:00:00.000Z,WLD/USDT:USDT,20230622.0,93466123.64988486,20230622.0,93466123.64988486
1716883200000,2024-05-28T08:00:00.000Z,WLD/USDT:USDT,20570844.0,94525263.61361748,20570844.0,94525263.61361748
1716886800000,2024-05-28T09:00:00.000Z,WLD/USDT:USDT,20736187.0,95782521.3717,20736187.0,95782521.3717
1716890400000,2024-05-28T10:00:00.000Z,WLD/USDT:USDT,20846112.0,97071475.43949407,20846112.0,97071475.43949407
1716894000000,2024-05-28T11:00:00.000Z,WLD/USDT:USDT,21101615.0,98717379.4700128,21101615.0,98717379.4700128
1716897600000,2024-05-28T12:00:00.000Z,WLD/USDT:USDT,21109977.0,98486486.6958,21109977.0,98486486.6958
1716901200000,2024-05-28T13:00:00.000Z,WLD/USDT:USDT,21115065.0,97880995.314,21115065.0,97880995.314
1716904800000,2024-05-28T14:00:00.000Z,WLD/USDT:USDT,21114333.0,97251525.13126725,21114333.0,97251525.13126725
1716908400000,2024-05-28T15:00:00.000Z,WLD/USDT:USDT,21270207.0,97732347.1236,21270207.0,97732347.1236
1716912000000,2024-05-28T16:00:00.000Z,WLD/USDT:USDT,21288655.0,98107689.57444355,21288655.0,98107689.57444355
1716915600000,2024-05-28T17:00:00.000Z,WLD/USDT:USDT,21113387.0,96738434.9327094,21113387.0,96738434.9327094
1716919200000,2024-05-28T18:00:00.000Z,WLD/USDT:USDT,21139787.0,97635354.1411266,21139787.0,97635354.1411266
1716922800000,2024-05-28T19:00:00.000Z,WLD/USDT:USDT,20992615.0,96899811.5785,20992615.0,96899811.5785
1716926400000,2024-05-28T20:00:00.000Z,WLD/USDT:USDT,20872408.0,97082717.57870913,20872408.0,97082717.57870913
1716930000000,2024-05-28T21:00:00.000Z,WLD/USDT:USDT,20996216.0,97010199.59558576,20996216.0,97010199.59558576
1716933600000,2024-05-28T22:00:00.000Z,WLD/USDT:USDT,20926811.0,97161090.7919,20926811.0,97161090.7919
1716937200000,2024-05-28T23:00:00.000Z,WLD/USDT:USDT,20540981.0,96034601.01757888,20540981.0,96034601.01757888
1716940800000,2024-05-29T00:00:00.000Z,WLD/USDT:USDT,20548040.0,95972054.9408184,20548040.0,95972054.9408184
1716944400000,2024-05-29T01:00:00.000Z,WLD/USDT:USDT,20446668.0,95384584.81332396,20446668.0,95384584.81332396
1716948000000,2024-05-29T02:00:00.000Z,WLD/USDT:USDT,20441688.0,95596461.5429472,20441688.0,95596461.5429472
1716951600000,2024-05-29T03:00:00.000Z,WLD/USDT:USDT,20583666.0,97309037.30439456,20583666.0,97309037.30439456
1716955200000,2024-05-29T04:00:00.000Z,WLD/USDT:USDT,20577648.0,98748096.65212128,20577648.0,98748096.65212128
1716958800000,2024-05-29T05:00:00.000Z,WLD/USDT:USDT,20587670.0,99238591.4993517,20587670.0,99238591.4993517
1716962400000,2024-05-29T06:00:00.000Z,WLD/USDT:USDT,20555841.0,99129567.64228614,20555841.0,99129567.64228614
1716966000000,2024-05-29T07:00:00.000Z,WLD/USDT:USDT,20523778.0,99187314.3184,20523778.0,99187314.3184
1716969600000,2024-05-29T08:00:00.000Z,WLD/USDT:USDT,20347930.0,97291592.502,20347930.0,97291592.502
1716973200000,2024-05-29T09:00:00.000Z,WLD/USDT:USDT,20349197.0,99057856.0763,20349197.0,99057856.0763
1716976800000,2024-05-29T10:00:00.000Z,WLD/USDT:USDT,20677610.0,101398863.918,20677610.0,101398863.918
1716980400000,2024-05-29T11:00:00.000Z,WLD/USDT:USDT,20867989.0,103325760.7346,20867989.0,103325760.7346
1716984000000,2024-05-29T12:00:00.000Z,WLD/USDT:USDT,20911916.0,101889034.01405884,20911916.0,101889034.01405884
1716987600000,2024-05-29T13:00:00.000Z,WLD/USDT:USDT,20901316.0,101643300.77865992,20901316.0,101643300.77865992
1716991200000,2024-05-29T14:00:00.000Z,WLD/USDT:USDT,20917050.0,102319179.4253475,20917050.0,102319179.4253475
1716994800000,2024-05-29T15:00:00.000Z,WLD/USDT:USDT,20873574.0,101775372.1092,20873574.0,101775372.1092
1716998400000,2024-05-29T16:00:00.000Z,WLD/USDT:USDT,20769971.0,99653129.49246344,20769971.0,99653129.49246344
1717002000000,2024-05-29T17:00:00.000Z,WLD/USDT:USDT,21520629.0,106967363.2095159,21520629.0,106967363.2095159
1717005600000,2024-05-29T18:00:00.000Z,WLD/USDT:USDT,21672966.0,106386088.2042,21672966.0,106386088.2042
1717009200000,2024-05-29T19:00:00.000Z,WLD/USDT:USDT,21745691.0,106308159.5917,21745691.0,106308159.5917
1717012800000,2024-05-29T20:00:00.000Z,WLD/USDT:USDT,21758172.0,104986769.99838,21758172.0,104986769.99838
1717016400000,2024-05-29T21:00:00.000Z,WLD/USDT:USDT,21909137.0,106613154.02347384,21909137.0,106613154.02347384
1717020000000,2024-05-29T22:00:00.000Z,WLD/USDT:USDT,21870302.0,107000297.03715278,21870302.0,107000297.03715278
1717023600000,2024-05-29T23:00:00.000Z,WLD/USDT:USDT,21649041.0,106110739.6681364,21649041.0,106110739.6681364
1717027200000,2024-05-30T00:00:00.000Z,WLD/USDT:USDT,21795018.0,107608542.3714,21795018.0,107608542.3714
1717030800000,2024-05-30T01:00:00.000Z,WLD/USDT:USDT,21824103.0,108485105.80467294,21824103.0,108485105.80467294
1717034400000,2024-05-30T02:00:00.000Z,WLD/USDT:USDT,21607473.0,105526576.6374,21607473.0,105526576.6374
1717038000000,2024-05-30T03:00:00.000Z,WLD/USDT:USDT,21738342.0,108104774.766,21738342.0,108104774.766
1717041600000,2024-05-30T04:00:00.000Z,WLD/USDT:USDT,21876020.0,109929798.2241978,21876020.0,109929798.2241978
1717045200000,2024-05-30T05:00:00.000Z,WLD/USDT:USDT,21625402.0,107584295.6675977,21625402.0,107584295.6675977
1717048800000,2024-05-30T06:00:00.000Z,WLD/USDT:USDT,21424443.0,106152457.72658142,21424443.0,106152457.72658142
1717052400000,2024-05-30T07:00:00.000Z,WLD/USDT:USDT,21191278.0,102725042.84816393,21191278.0,102725042.84816393
1717056000000,2024-05-30T08:00:00.000Z,WLD/USDT:USDT,21056947.0,100220539.2465,21056947.0,100220539.2465
1717059600000,2024-05-30T09:00:00.000Z,WLD/USDT:USDT,21050508.0,101686583.9448,21050508.0,101686583.9448
1717063200000,2024-05-30T10:00:00.000Z,WLD/USDT:USDT,20891241.0,102653290.9017,20891241.0,102653290.9017
1717066800000,2024-05-30T11:00:00.000Z,WLD/USDT:USDT,20937837.0,103629730.4478,20937837.0,103629730.4478
1717070400000,2024-05-30T12:00:00.000Z,WLD/USDT:USDT,20901440.0,103074267.0844096,20901440.0,103074267.0844096
1717074000000,2024-05-30T13:00:00.000Z,WLD/USDT:USDT,21387550.0,110175825.07,21387550.0,110175825.07
1717077600000,2024-05-30T14:00:00.000Z,WLD/USDT:USDT,21451825.0,110457592.1075,21451825.0,110457592.1075
1717081200000,2024-05-30T15:00:00.000Z,WLD/USDT:USDT,21144082.0,106554089.22569618,21144082.0,106554089.22569618
1717084800000,2024-05-30T16:00:00.000Z,WLD/USDT:USDT,21097535.0,107350587.3405,21097535.0,107350587.3405
1717088400000,2024-05-30T17:00:00.000Z,WLD/USDT:USDT,21256681.0,108110935.60753322,21256681.0,108110935.60753322
1717092000000,2024-05-30T18:00:00.000Z,WLD/USDT:USDT,21141258.0,107971624.84241857,21141258.0,107971624.84241857
1717095600000,2024-05-30T19:00:00.000Z,WLD/USDT:USDT,21163633.0,108526434.48083463,21163633.0,108526434.48083463
1717099200000,2024-05-30T20:00:00.000Z,WLD/USDT:USDT,21449621.0,107561269.4666,21449621.0,107561269.4666
1717102800000,2024-05-30T21:00:00.000Z,WLD/USDT:USDT,21409615.0,106050386.941,21409615.0,106050386.941
1717106400000,2024-05-30T22:00:00.000Z,WLD/USDT:USDT,21249187.0,104386631.1375,21249187.0,104386631.1375
1717110000000,2024-05-30T23:00:00.000Z,WLD/USDT:USDT,21253365.0,105004099.03778864,21253365.0,105004099.03778864
1717113600000,2024-05-31T00:00:00.000Z,WLD/USDT:USDT,21237837.0,104863943.9712,21237837.0,104863943.9712
1717117200000,2024-05-31T01:00:00.000Z,WLD/USDT:USDT,21233190.0,104343242.4354078,21233190.0,104343242.4354078
1717120800000,2024-05-31T02:00:00.000Z,WLD/USDT:USDT,21247981.0,103841007.9451,21247981.0,103841007.9451
1717124400000,2024-05-31T03:00:00.000Z,WLD/USDT:USDT,21298908.0,104161809.90161832,21298908.0,104161809.90161832
1717128000000,2024-05-31T04:00:00.000Z,WLD/USDT:USDT,21541874.0,105385001.7954,21541874.0,105385001.7954
1717131600000,2024-05-31T05:00:00.000Z,WLD/USDT:USDT,21607002.0,105470258.8626,21607002.0,105470258.8626
1717135200000,2024-05-31T06:00:00.000Z,WLD/USDT:USDT,21654219.0,105175972.37724933,21654219.0,105175972.37724933
1717138800000,2024-05-31T07:00:00.000Z,WLD/USDT:USDT,21622453.0,104460232.6883,21622453.0,104460232.6883
1717142400000,2024-05-31T08:00:00.000Z,WLD/USDT:USDT,21729831.0,105109996.34709392,21729831.0,105109996.34709392
1717146000000,2024-05-31T09:00:00.000Z,WLD/USDT:USDT,22015438.0,106772672.7562,22015438.0,106772672.7562
1717149600000,2024-05-31T10:00:00.000Z,WLD/USDT:USDT,22057171.0,107028010.8433,22057171.0,107028010.8433
1717153200000,2024-05-31T11:00:00.000Z,WLD/USDT:USDT,22293460.0,109345053.7882514,22293460.0,109345053.7882514
1717156800000,2024-05-31T12:00:00.000Z,WLD/USDT:USDT,22389337.0,109784087.0728214,22389337.0,109784087.0728214
1717160400000,2024-05-31T13:00:00.000Z,WLD/USDT:USDT,22171975.0,108817836.1025,22171975.0,108817836.1025
1717164000000,2024-05-31T14:00:00.000Z,WLD/USDT:USDT,22055105.0,106865805.767,22055105.0,106865805.767
1717167600000,2024-05-31T15:00:00.000Z,WLD/USDT:USDT,22343074.0,108002504.98600446,22343074.0,108002504.98600446
1717171200000,2024-05-31T16:00:00.000Z,WLD/USDT:USDT,22374948.0,106317348.19428276,22374948.0,106317348.19428276
1717174800000,2024-05-31T17:00:00.000Z,WLD/USDT:USDT,22374138.0,108492195.162,22374138.0,108492195.162
1717178400000,2024-05-31T18:00:00.000Z,WLD/USDT:USDT,22143248.0,107177420.36379968,22143248.0,107177420.36379968
1717182000000,2024-05-31T19:00:00.000Z,WLD/USDT:USDT,22037382.0,106947414.846,22037382.0,106947414.846
1717185600000,2024-05-31T20:00:00.000Z,WLD/USDT:USDT,22135921.0,107394634.3236,22135921.0,107394634.3236
1717189200000,2024-05-31T21:00:00.000Z,WLD/USDT:USDT,22112143.0,107520295.3375,22112143.0,107520295.3375
1717192800000,2024-05-31T22:00:00.000Z,WLD/USDT:USDT,22060344.0,107575740.05778144,22060344.0,107575740.05778144
1717196400000,2024-05-31T23:00:00.000Z,WLD/USDT:USDT,21984301.0,106656354.18577906,21984301.0,106656354.18577906
1717200000000,2024-06-01T00:00:00.000Z,WLD/USDT:USDT,21961398.0,106234452.74206097,21961398.0,106234452.74206097
1717203600000,2024-06-01T01:00:00.000Z,WLD/USDT:USDT,21955184.0,106373102.71777984,21955184.0,106373102.71777984
1717207200000,2024-06-01T02:00:00.000Z,WLD/USDT:USDT,22148315.0,108184883.15055925,22148315.0,108184883.15055925
1717210800000,2024-06-01T03:00:00.000Z,WLD/USDT:USDT,22148609.0,108973371.1409,22148609.0,108973371.1409
1717214400000,2024-06-01T04:00:00.000Z,WLD/USDT:USDT,22403877.0,109109121.3777,22403877.0,109109121.3777
1717218000000,2024-06-01T05:00:00.000Z,WLD/USDT:USDT,22453591.0,109189567.6739,22453591.0,109189567.6739
1717221600000,2024-06-01T06:00:00.000Z,WLD/USDT:USDT,22416941.0,109632291.6546,22416941.0,109632291.6546
1717225200000,2024-06-01T07:00:00.000Z,WLD/USDT:USDT,22458435.0,110077773.309,22458435.0,110077773.309
1717228800000,2024-06-01T08:00:00.000Z,WLD/USDT:USDT,22301706.0,108636165.94151874,22301706.0,108636165.94151874
1717232400000,2024-06-01T09:00:00.000Z,WLD/USDT:USDT,22262327.0,108633477.0619,22262327.0,108633477.0619
1717236000000,2024-06-01T10:00:00.000Z,WLD/USDT:USDT,22255489.0,108332408.18853416,22255489.0,108332408.18853416
1717239600000,2024-06-01T11:00:00.000Z,WLD/USDT:USDT,22258864.0,106675605.72,22258864.0,106675605.72
1717243200000,2024-06-01T12:00:00.000Z,WLD/USDT:USDT,22356924.0,107015614.46205024,22356924.0,107015614.46205024
1717246800000,2024-06-01T13:00:00.000Z,WLD/USDT:USDT,22418028.0,107607532.89896712,22418028.0,107607532.89896712
1717250400000,2024-06-01T14:00:00.000Z,WLD/USDT:USDT,22492916.0,107892688.33803111,22492916.0,107892688.33803111
1717254000000,2024-06-01T15:00:00.000Z,WLD/USDT:USDT,22741275.0,109403037.164193,22741275.0,109403037.164193
1717257600000,2024-06-01T16:00:00.000Z,WLD/USDT:USDT,22874502.0,109987467.9666,22874502.0,109987467.9666
1717261200000,2024-06-01T17:00:00.000Z,WLD/USDT:USDT,22916560.0,110274486.72,22916560.0,110274486.72
1717264800000,2024-06-01T18:00:00.000Z,WLD/USDT:USDT,22937658.0,110694843.7422,22937658.0,110694843.7422
1717268400000,2024-06-01T19:00:00.000Z,WLD/USDT:USDT,23003210.0,110420008.642,23003210.0,110420008.642
1717272000000,2024-06-01T20:00:00.000Z,WLD/USDT:USDT,23105036.0,110488282.152,23105036.0,110488282.152
1717275600000,2024-06-01T21:00:00.000Z,WLD/USDT:USDT,23150443.0,111520314.0196,23150443.0,111520314.0196
1717279200000,2024-06-01T22:00:00.000Z,WLD/USDT:USDT,23050821.0,111084211.4811,23050821.0,111084211.4811
1717282800000,2024-06-01T23:00:00.000Z,WLD/USDT:USDT,22957121.0,110649348.19449885,22957121.0,110649348.19449885
1717286400000,2024-06-02T00:00:00.000Z,WLD/USDT:USDT,23023709.0,110394893.34083897,23023709.0,110394893.34083897
1717290000000,2024-06-02T01:00:00.000Z,WLD/USDT:USDT,23075517.0,111286295.8359,23075517.0,111286295.8359
1717293600000,2024-06-02T02:00:00.000Z,WLD/USDT:USDT,23073802.0,111554910.5294,23073802.0,111554910.5294
1717297200000,2024-06-02T03:00:00.000Z,WLD/USDT:USDT,23116432.0,110786569.72614431,23116432.0,110786569.72614431
1717300800000,2024-06-02T04:00:00.000Z,WLD/USDT:USDT,23169597.0,111721479.7743,23169597.0,111721479.7743
1717304400000,2024-06-02T05:00:00.000Z,WLD/USDT:USDT,23239714.0,112315589.57677539,23239714.0,112315589.57677539
1717308000000,2024-06-02T06:00:00.000Z,WLD/USDT:USDT,23222841.0,111453380.8113,23222841.0,111453380.8113
1717311600000,2024-06-02T07:00:00.000Z,WLD/USDT:USDT,23284136.0,112010324.92605576,23284136.0,112010324.92605576
1717315200000,2024-06-02T08:00:00.000Z,WLD/USDT:USDT,23741739.0,112937078.2491,23741739.0,112937078.2491
1717318800000,2024-06-02T09:00:00.000Z,WLD/USDT:USDT,23617488.0,112993147.8384,23617488.0,112993147.8384
1717322400000,2024-06-02T10:00:00.000Z,WLD/USDT:USDT,23485095.0,111689734.6726488,23485095.0,111689734.6726488
1717326000000,2024-06-02T11:00:00.000Z,WLD/USDT:USDT,23488483.0,111560898.8568,23488483.0,111560898.8568
1717329600000,2024-06-02T12:00:00.000Z,WLD/USDT:USDT,23380369.0,112183686.5358,23380369.0,112183686.5358
1717333200000,2024-06-02T13:00:00.000Z,WLD/USDT:USDT,23245772.0,110982289.2596,23245772.0,110982289.2596
1717336800000,2024-06-02T14:00:00.000Z,WLD/USDT:USDT,23242512.0,111492005.8128,23242512.0,111492005.8128
1717340400000,2024-06-02T15:00:00.000Z,WLD/USDT:USDT,23195799.0,112573846.13980824,23195799.0,112573846.13980824
1717344000000,2024-06-02T16:00:00.000Z,WLD/USDT:USDT,23211351.0,112117692.87242037,23211351.0,112117692.87242037
1717347600000,2024-06-02T17:00:00.000Z,WLD/USDT:USDT,23266094.0,111274923.4328097,23266094.0,111274923.4328097
1717351200000,2024-06-02T18:00:00.000Z,WLD/USDT:USDT,23292638.0,109793935.20755796,23292638.0,109793935.20755796
1717354800000,2024-06-02T19:00:00.000Z,WLD/USDT:USDT,22965347.0,107934834.3653,22965347.0,107934834.3653
1717358400000,2024-06-02T20:00:00.000Z,WLD/USDT:USDT,22924033.0,108201123.9931512,22924033.0,108201123.9931512
1717362000000,2024-06-02T21:00:00.000Z,WLD/USDT:USDT,22869597.0,107112605.50041442,22869597.0,107112605.50041442
1717365600000,2024-06-02T22:00:00.000Z,WLD/USDT:USDT,22886901.0,107122140.1305,22886901.0,107122140.1305
1717369200000,2024-06-02T23:00:00.000Z,WLD/USDT:USDT,22917648.0,107236258.5216,22917648.0,107236258.5216
1717372800000,2024-06-03T00:00:00.000Z,WLD/USDT:USDT,22932555.0,107358178.7907651,22932555.0,107358178.7907651
1717376400000,2024-06-03T01:00:00.000Z,WLD/USDT:USDT,22941127.0,106781769.7342,22941127.0,106781769.7342
1717380000000,2024-06-03T02:00:00.000Z,WLD/USDT:USDT,23018313.0,108531345.795,23018313.0,108531345.795
1717383600000,2024-06-03T03:00:00.000Z,WLD/USDT:USDT,23016409.0,108519310.93522844,23016409.0,108519310.93522844
1717387200000,2024-06-03T04:00:00.000Z,WLD/USDT:USDT,23048553.0,107886983.87671842,23048553.0,107886983.87671842
1717390800000,2024-06-03T05:00:00.000Z,WLD/USDT:USDT,23083075.0,107594829.19,23083075.0,107594829.19
1717394400000,2024-06-03T06:00:00.000Z,WLD/USDT:USDT,23080410.0,108600955.5098763,23080410.0,108600955.5098763
1717398000000,2024-06-03T07:00:00.000Z,WLD/USDT:USDT,22949629.0,109205786.41737472,22949629.0,109205786.41737472
1717401600000,2024-06-03T08:00:00.000Z,WLD/USDT:USDT,22681496.0,108315484.148,22681496.0,108315484.148
1717405200000,2024-06-03T09:00:00.000Z,WLD/USDT:USDT,22543190.0,107461132.411,22543190.0,107461132.411
1717408800000,2024-06-03T10:00:00.000Z,WLD/USDT:USDT,22431819.0,106970615.2653,22431819.0,106970615.2653
1717412400000,2024-06-03T11:00:00.000Z,WLD/USDT:USDT,22433743.0,107238652.30722728,22433743.0,107238652.30722728
1717416000000,2024-06-03T12:00:00.000Z,WLD/USDT:USDT,22568572.0,108262269.05333528,22568572.0,108262269.05333528
1717419600000,2024-06-03T13:00:00.000Z,WLD/USDT:USDT,22573651.0,108539033.48376243,22573651.0,108539033.48376243
1717423200000,2024-06-03T14:00:00.000Z,WLD/USDT:USDT,22497531.0,107268227.808,22497531.0,107268227.808
1717426800000,2024-06-03T15:00:00.000Z,WLD/USDT:USDT,22571214.0,105825136.839,22571214.0,105825136.839
1717430400000,2024-06-03T16:00:00.000Z,WLD/USDT:USDT,22698908.0,107745945.078641,22698908.0,107745945.078641
1717434000000,2024-06-03T17:00:00.000Z,WLD/USDT:USDT,22639415.0,106535958.48332006,22639415.0,106535958.48332006
1717437600000,2024-06-03T18:00:00.000Z,WLD/USDT:USDT,22562476.0,107435239.05160996,22562476.0,107435239.05160996
1717441200000,2024-06-03T19:00:00.000Z,WLD/USDT:USDT,22549851.0,107127577.1457,22549851.0,107127577.1457
1717444800000,2024-06-03T20:00:00.000Z,WLD/USDT:USDT,22516846.0,108029072.0542,22516846.0,108029072.0542
1717448400000,2024-06-03T21:00:00.000Z,WLD/USDT:USDT,22428346.0,108346950.52297126,22428346.0,108346950.52297126
1717452000000,2024-06-03T22:00:00.000Z,WLD/USDT:USDT,22515773.0,109534390.2506504,22515773.0,109534390.2506504
1717455600000,2024-06-03T23:00:00.000Z,WLD/USDT:USDT,22488204.0,108433622.0472,22488204.0,108433622.0472
1717459200000,2024-06-04T00:00:00.000Z,WLD/USDT:USDT,22340121.0,107477588.48142636,22340121.0,107477588.48142636
1717462800000,2024-06-04T01:00:00.000Z,WLD/USDT:USDT,22290705.0,108453196.107,22290705.0,108453196.107
1717466400000,2024-06-04T02:00:00.000Z,WLD/USDT:USDT,22329968.0,108545974.448,22329968.0,108545974.448
1717470000000,2024-06-04T03:00:00.000Z,WLD/USDT:USDT,22276901.0,107733320.9261,22276901.0,107733320.9261
1717473600000,2024-06-04T04:00:00.000Z,WLD/USDT:USDT,22080359.0,106553188.4263,22080359.0,106553188.4263
1717477200000,2024-06-04T05:00:00.000Z,WLD/USDT:USDT,22072004.0,106102330.4284,22072004.0,106102330.4284
1717480800000,2024-06-04T06:00:00.000Z,WLD/USDT:USDT,22035673.0,105638253.9277142,22035673.0,105638253.9277142
1717484400000,2024-06-04T07:00:00.000Z,WLD/USDT:USDT,21839183.0,103480600.8089,21839183.0,103480600.8089
1717488000000,2024-06-04T08:00:00.000Z,WLD/USDT:USDT,21910186.0,103868500.03610285,21910186.0,103868500.03610285
1717491600000,2024-06-04T09:00:00.000Z,WLD/USDT:USDT,21926184.0,103244240.95239072,21926184.0,103244240.95239072
1717495200000,2024-06-04T10:00:00.000Z,WLD/USDT:USDT,22026979.0,103881632.36282247,22026979.0,103881632.36282247
1717498800000,2024-06-04T11:00:00.000Z,WLD/USDT:USDT,22063979.0,104574434.8684,22063979.0,104574434.8684
1717502400000,2024-06-04T12:00:00.000Z,WLD/USDT:USDT,22090168.0,104320818.38,22090168.0,104320818.38
1717506000000,2024-06-04T13:00:00.000Z,WLD/USDT:USDT,22327579.0,104988741.9738,22327579.0,104988741.9738
1717509600000,2024-06-04T14:00:00.000Z,WLD/USDT:USDT,22375116.0,105735848.1696,22375116.0,105735848.1696
1717513200000,2024-06-04T15:00:00.000Z,WLD/USDT:USDT,22448106.0,106011938.43305856,22448106.0,106011938.43305856
1717516800000,2024-06-04T16:00:00.000Z,WLD/USDT:USDT,22510460.0,107287021.6930302,22510460.0,107287021.6930302
1717520400000,2024-06-04T17:00:00.000Z,WLD/USDT:USDT,22485689.0,107267979.3745,22485689.0,107267979.3745
1717524000000,2024-06-04T18:00:00.000Z,WLD/USDT:USDT,22594942.0,107747709.09243,22594942.0,107747709.09243
1717527600000,2024-06-04T19:00:00.000Z,WLD/USDT:USDT,22571671.0,108403534.84777556,22571671.0,108403534.84777556
1717531200000,2024-06-04T20:00:00.000Z,WLD/USDT:USDT,22364995.0,107316192.008,22364995.0,107316192.008
1717534800000,2024-06-04T21:00:00.000Z,WLD/USDT:USDT,22366405.0,107627140.86,22366405.0,107627140.86
1717538400000,2024-06-04T22:00:00.000Z,WLD/USDT:USDT,22300566.0,107224347.99689454,22300566.0,107224347.99689454
1717542000000,2024-06-04T23:00:00.000Z,WLD/USDT:USDT,22438087.0,108423080.1927,22438087.0,108423080.1927
1717545600000,2024-06-05T00:00:00.000Z,WLD/USDT:USDT,22497137.0,108561757.31153974,22497137.0,108561757.31153974
1717549200000,2024-06-05T01:00:00.000Z,WLD/USDT:USDT,22703041.0,109916773.0015,22703041.0,109916773.0015
1717552800000,2024-06-05T02:00:00.000Z,WLD/USDT:USDT,22721530.0,110183515.429,22721530.0,110183515.429
1717556400000,2024-06-05T03:00:00.000Z,WLD/USDT:USDT,22632185.0,108901547.783,22632185.0,108901547.783
1717560000000,2024-06-05T04:00:00.000Z,WLD/USDT:USDT,22730610.0,109076473.3014159,22730610.0,109076473.3014159
1717563600000,2024-06-05T05:00:00.000Z,WLD/USDT:USDT,22788044.0,110315274.33994056,22788044.0,110315274.33994056
1717567200000,2024-06-05T06:00:00.000Z,WLD/USDT:USDT,22916287.0,110848371.8477,22916287.0,110848371.8477
1717570800000,2024-06-05T07:00:00.000Z,WLD/USDT:USDT,22990311.0,113011172.7516,22990311.0,113011172.7516
1717574400000,2024-06-05T08:00:00.000Z,WLD/USDT:USDT,23078646.0,112796882.325,23078646.0,112796882.325
1717578000000,2024-06-05T09:00:00.000Z,WLD/USDT:USDT,22961530.0,112144112.52,22961530.0,112144112.52
1717581600000,2024-06-05T10:00:00.000Z,WLD/USDT:USDT,23089237.0,113139473.01801223,23089237.0,113139473.01801223
1717585200000,2024-06-05T11:00:00.000Z,WLD/USDT:USDT,23294325.0,114505182.60878025,23294325.0,114505182.60878025
1717588800000,2024-06-05T12:00:00.000Z,WLD/USDT:USDT,23207608.0,113557146.7048,23207608.0,113557146.7048
1717592400000,2024-06-05T13:00:00.000Z,WLD/USDT:USDT,23575359.0,115957760.7774,23575359.0,115957760.7774
1717596000000,2024-06-05T14:00:00.000Z,WLD/USDT:USDT,23652227.0,116373687.2854,23652227.0,116373687.2854
1717599600000,2024-06-05T15:00:00.000Z,WLD/USDT:USDT,24191276.0,121057706.12717704,24191276.0,121057706.12717704
1717603200000,2024-06-05T16:00:00.000Z,WLD/USDT:USDT,23817688.0,118290241.63288608,23817688.0,118290241.63288608
1717606800000,2024-06-05T17:00:00.000Z,WLD/USDT:USDT,23507186.0,116575120.55155014,23507186.0,116575120.55155014
1717610400000,2024-06-05T18:00:00.000Z,WLD/USDT:USDT,23371406.0,115206051.20989618,23371406.0,115206051.20989618
1717614000000,2024-06-05T19:00:00.000Z,WLD/USDT:USDT,23319499.0,114585022.2363,23319499.0,114585022.2363
1717617600000,2024-06-05T20:00:00.000Z,WLD/USDT:USDT,23612049.0,116667074.13439554,23612049.0,116667074.13439554
1717621200000,2024-06-05T21:00:00.000Z,WLD/USDT:USDT,23565672.0,115794642.5064,23565672.0,115794642.5064
1717624800000,2024-06-05T22:00:00.000Z,WLD/USDT:USDT,23572143.0,115575220.35940608,23572143.0,115575220.35940608
1717628400000,2024-06-05T23:00:00.000Z,WLD/USDT:USDT,23648417.0,115744812.1648,23648417.0,115744812.1648
1717632000000,2024-06-06T00:00:00.000Z,WLD/USDT:USDT,23708760.0,116983763.592,23708760.0,116983763.592
1717635600000,2024-06-06T01:00:00.000Z,WLD/USDT:USDT,23668660.0,116154940.9035406,23668660.0,116154940.9035406
1717639200000,2024-06-06T02:00:00.000Z,WLD/USDT:USDT,23656424.0,115999275.084,23656424.0,115999275.084
1717642800000,2024-06-06T03:00:00.000Z,WLD/USDT:USDT,23814338.0,117109057.29135843,23814338.0,117109057.29135843
1717646400000,2024-06-06T04:00:00.000Z,WLD/USDT:USDT,23916215.0,117093788.64,23916215.0,117093788.64
1717650000000,2024-06-06T05:00:00.000Z,WLD/USDT:USDT,23948803.0,118149024.7202,23948803.0,118149024.7202
1717653600000,2024-06-06T06:00:00.000Z,WLD/USDT:USDT,23959832.0,118909614.33885872,23959832.0,118909614.33885872
1717657200000,2024-06-06T07:00:00.000Z,WLD/USDT:USDT,23878204.0,118310639.19848208,23878204.0,118310639.19848208
1717660800000,2024-06-06T08:00:00.000Z,WLD/USDT:USDT,24302023.0,121853046.19299807,24302023.0,121853046.19299807
1717664400000,2024-06-06T09:00:00.000Z,WLD/USDT:USDT,24177171.0,121045595.50297068,24177171.0,121045595.50297068
1717668000000,2024-06-06T10:00:00.000Z,WLD/USDT:USDT,24213336.0,121642957.3968,24213336.0,121642957.3968
1717671600000,2024-06-06T11:00:00.000Z,WLD/USDT:USDT,24203181.0,121378952.715,24203181.0,121378952.715
1717675200000,2024-06-06T12:00:00.000Z,WLD/USDT:USDT,24248882.0,121188747.17634664,24248882.0,121188747.17634664
1717678800000,2024-06-06T13:00:00.000Z,WLD/USDT:USDT,24305641.0,121664316.5896,24305641.0,121664316.5896
1717682400000,2024-06-06T14:00:00.000Z,WLD/USDT:USDT,24794271.0,123465889.0736856,24794271.0,123465889.0736856
1717686000000,2024-06-06T15:00:00.000Z,WLD/USDT:USDT,25220303.0,124829929.01220058,25220303.0,124829929.01220058
1717689600000,2024-06-06T16:00:00.000Z,WLD/USDT:USDT,25049925.0,123489326.94086926,25049925.0,123489326.94086926
1717693200000,2024-06-06T17:00:00.000Z,WLD/USDT:USDT,25003384.0,121454014.0403212,25003384.0,121454014.0403212
1717696800000,2024-06-06T18:00:00.000Z,WLD/USDT:USDT,25034821.0,121954627.0194,25034821.0,121954627.0194
1717700400000,2024-06-06T19:00:00.000Z,WLD/USDT:USDT,25061251.0,121807415.15356345,25061251.0,121807415.15356345
1717704000000,2024-06-06T20:00:00.000Z,WLD/USDT:USDT,24813617.0,119059733.32851572,24813617.0,119059733.32851572
1717707600000,2024-06-06T21:00:00.000Z,WLD/USDT:USDT,24819847.0,119905245.26032078,24819847.0,119905245.26032078
1717711200000,2024-06-06T22:00:00.000Z,WLD/USDT:USDT,24792959.0,119352278.1974974,24792959.0,119352278.1974974
1717714800000,2024-06-06T23:00:00.000Z,WLD/USDT:USDT,24797312.0,119359381.5808,24797312.0,119359381.5808
1717718400000,2024-06-07T00:00:00.000Z,WLD/USDT:USDT,24877615.0,119728345.4594962,24877615.0,119728345.4594962
1717722000000,2024-06-07T01:00:00.000Z,WLD/USDT:USDT,25043857.0,121044240.37891419,25043857.0,121044240.37891419
1717725600000,2024-06-07T02:00:00.000Z,WLD/USDT:USDT,25070876.0,120932624.83641356,25070876.0,120932624.83641356
1717729200000,2024-06-07T03:00:00.000Z,WLD/USDT:USDT,25142501.0,121342738.3262,25142501.0,121342738.3262
1717732800000,2024-06-07T04:00:00.000Z,WLD/USDT:USDT,25265720.0,122925642.5394472,25265720.0,122925642.5394472
1717736400000,2024-06-07T05:00:00.000Z,WLD/USDT:USDT,25174191.0,124445071.45156822,25174191.0,124445071.45156822
1717740000000,2024-06-07T06:00:00.000Z,WLD/USDT:USDT,25058762.0,123381826.4594,25058762.0,123381826.4594
1717743600000,2024-06-07T07:00:00.000Z,WLD/USDT:USDT,25023890.0,123102524.466,25023890.0,123102524.466
1717747200000,2024-06-07T08:00:00.000Z,WLD/USDT:USDT,25053815.0,123425114.216,25053815.0,123425114.216
1717750800000,2024-06-07T09:00:00.000Z,WLD/USDT:USDT,25143558.0,124060642.2082929,25143558.0,124060642.2082929
1717754400000,2024-06-07T10:00:00.000Z,WLD/USDT:USDT,25103341.0,123315141.9943,25103341.0,123315141.9943
1717758000000,2024-06-07T11:00:00.000Z,WLD/USDT:USDT,25039538.0,122190441.4862,25039538.0,122190441.4862
1717761600000,2024-06-07T12:00:00.000Z,WLD/USDT:USDT,25069883.0,123079454.1707036,25069883.0,123079454.1707036
1717765200000,2024-06-07T13:00:00.000Z,WLD/USDT:USDT,24904003.0,121733257.0643,24904003.0,121733257.0643
1717768800000,2024-06-07T14:00:00.000Z,WLD/USDT:USDT,25194981.0,124334008.54498029,25194981.0,124334008.54498029
1717772400000,2024-06-07T15:00:00.000Z,WLD/USDT:USDT,25222760.0,124562600.26,25222760.0,124562600.26
1717776000000,2024-06-07T16:00:00.000Z,WLD/USDT:USDT,25103292.0,124306000.84859112,25103292.0,124306000.84859112
1717779600000,2024-06-07T17:00:00.000Z,WLD/USDT:USDT,24986134.0,121348957.16364533,24986134.0,121348957.16364533
1717783200000,2024-06-07T18:00:00.000Z,WLD/USDT:USDT,24720484.0,116491656.08543108,24720484.0,116491656.08543108
1717786800000,2024-06-07T19:00:00.000Z,WLD/USDT:USDT,22583041.0,96682081.98647362,22583041.0,96682081.98647362
1717790400000,2024-06-07T20:00:00.000Z,WLD/USDT:USDT,21497786.0,92133061.4602,21497786.0,92133061.4602
1717794000000,2024-06-07T21:00:00.000Z,WLD/USDT:USDT,20770122.0,89934628.26,20770122.0,89934628.26
1717797600000,2024-06-07T22:00:00.000Z,WLD/USDT:USDT,20972006.0,92064515.66809882,20972006.0,92064515.66809882
1717801200000,2024-06-07T23:00:00.000Z,WLD/USDT:USDT,20821630.0,91192492.911,20821630.0,91192492.911
1717804800000,2024-06-08T00:00:00.000Z,WLD/USDT:USDT,20523570.0,90646451.619,20523570.0,90646451.619
1717808400000,2024-06-08T01:00:00.000Z,WLD/USDT:USDT,20578460.0,91327205.48,20578460.0,91327205.48
1717812000000,2024-06-08T02:00:00.000Z,WLD/USDT:USDT,20640233.0,92945650.15886436,20640233.0,92945650.15886436
1717815600000,2024-06-08T03:00:00.000Z,WLD/USDT:USDT,20728411.0,92714082.3233042,20728411.0,92714082.3233042
1717819200000,2024-06-08T04:00:00.000Z,WLD/USDT:USDT,20677382.0,92204311.56101726,20677382.0,92204311.56101726
1717822800000,2024-06-08T05:00:00.000Z,WLD/USDT:USDT,20645848.0,91698533.892,20645848.0,91698533.892
1717826400000,2024-06-08T06:00:00.000Z,WLD/USDT:USDT,20691874.0,91598308.8063169,20691874.0,91598308.8063169
1717830000000,2024-06-08T07:00:00.000Z,WLD/USDT:USDT,20718160.0,92000554.9441696,20718160.0,92000554.9441696
1717833600000,2024-06-08T08:00:00.000Z,WLD/USDT:USDT,20825006.0,92525193.23966114,20825006.0,92525193.23966114
1717837200000,2024-06-08T09:00:00.000Z,WLD/USDT:USDT,20888698.0,92444534.95324962,20888698.0,92444534.95324962
1717840800000,2024-06-08T10:00:00.000Z,WLD/USDT:USDT,20752485.0,91449465.76094355,20752485.0,91449465.76094355
1717844400000,2024-06-08T11:00:00.000Z,WLD/USDT:USDT,20746596.0,91183364.0796,20746596.0,91183364.0796
1717848000000,2024-06-08T12:00:00.000Z,WLD/USDT:USDT,20743331.0,89435989.25717428,20743331.0,89435989.25717428
1717851600000,2024-06-08T13:00:00.000Z,WLD/USDT:USDT,20804811.0,89791197.93679686,20804811.0,89791197.93679686
1717855200000,2024-06-08T14:00:00.000Z,WLD/USDT:USDT,20940937.0,90785244.1761,20940937.0,90785244.1761
1717858800000,2024-06-08T15:00:00.000Z,WLD/USDT:USDT,20981372.0,90983621.5408,20981372.0,90983621.5408
1717862400000,2024-06-08T16:00:00.000Z,WLD/USDT:USDT,21110379.0,90536082.4173,21110379.0,90536082.4173
1717866000000,2024-06-08T17:00:00.000Z,WLD/USDT:USDT,21153046.0,89861820.88412584,21153046.0,89861820.88412584
1717869600000,2024-06-08T18:00:00.000Z,WLD/USDT:USDT,20900246.0,88663023.5812,20900246.0,88663023.5812
1717873200000,2024-06-08T19:00:00.000Z,WLD/USDT:USDT,21032093.0,89023521.18823846,21032093.0,89023521.18823846
1717876800000,2024-06-08T20:00:00.000Z,WLD/USDT:USDT,21018282.0,88596453.76294902,21018282.0,88596453.76294902
1717880400000,2024-06-08T21:00:00.000Z,WLD/USDT:USDT,21038644.0,88313915.9188,21038644.0,88313915.9188
1717884000000,2024-06-08T22:00:00.000Z,WLD/USDT:USDT,21007294.0,88279704.05747108,21007294.0,88279704.05747108
1717887600000,2024-06-08T23:00:00.000Z,WLD/USDT:USDT,20767387.0,87605145.3208,20767387.0,87605145.3208
1717891200000,2024-06-09T00:00:00.000Z,WLD/USDT:USDT,20758471.0,88150052.67481484,20758471.0,88150052.67481484
1717894800000,2024-06-09T01:00:00.000Z,WLD/USDT:USDT,20721965.0,88444778.38462365,20721965.0,88444778.38462365
1717898400000,2024-06-09T02:00:00.000Z,WLD/USDT:USDT,20773976.0,88472371.0258128,20773976.0,88472371.0258128
1717902000000,2024-06-09T03:00:00.000Z,WLD/USDT:USDT,20726125.0,86977936.54262125,20726125.0,86977936.54262125
1717905600000,2024-06-09T04:00:00.000Z,WLD/USDT:USDT,20744581.0,87247714.14671169,20744581.0,87247714.14671169
1717909200000,2024-06-09T05:00:00.000Z,WLD/USDT:USDT,20721711.0,87462197.7888,20721711.0,87462197.7888
1717912800000,2024-06-09T06:00:00.000Z,WLD/USDT:USDT,20699207.0,87750148.2351,20699207.0,87750148.2351
1717916400000,2024-06-09T07:00:00.000Z,WLD/USDT:USDT,20761803.0,88196139.144,20761803.0,88196139.144
1717920000000,2024-06-09T08:00:00.000Z,WLD/USDT:USDT,20777349.0,88031928.54139878,20777349.0,88031928.54139878
1717923600000,2024-06-09T09:00:00.000Z,WLD/USDT:USDT,20815657.0,88690187.7503737,20815657.0,88690187.7503737
1717927200000,2024-06-09T10:00:00.000Z,WLD/USDT:USDT,20887700.0,89014958.403638,20887700.0,89014958.403638
1717930800000,2024-06-09T11:00:00.000Z,WLD/USDT:USDT,21118954.0,89921915.25872327,21118954.0,89921915.25872327
1717934400000,2024-06-09T12:00:00.000Z,WLD/USDT:USDT,21095044.0,89984293.61610717,21095044.0,89984293.61610717
1717938000000,2024-06-09T13:00:00.000Z,WLD/USDT:USDT,21157265.0,91000518.09630544,21157265.0,91000518.09630544
1717941600000,2024-06-09T14:00:00.000Z,WLD/USDT:USDT,21206882.0,90273455.2976,21206882.0,90273455.2976
1717945200000,2024-06-09T15:00:00.000Z,WLD/USDT:USDT,21345627.0,91107137.06032488,21345627.0,91107137.06032488
1717948800000,2024-06-09T16:00:00.000Z,WLD/USDT:USDT,21393793.0,91054122.3873,21393793.0,91054122.3873
1717952400000,2024-06-09T17:00:00.000Z,WLD/USDT:USDT,21362032.0,91148402.5257248,21362032.0,91148402.5257248
1717956000000,2024-06-09T18:00:00.000Z,WLD/USDT:USDT,21423659.0,91074116.7749,21423659.0,91074116.7749
1717959600000,2024-06-09T19:00:00.000Z,WLD/USDT:USDT,21468826.0,91590305.4812,21468826.0,91590305.4812
1717963200000,2024-06-09T20:00:00.000Z,WLD/USDT:USDT,21523073.0,91606503.3026,21523073.0,91606503.3026
1717966800000,2024-06-09T21:00:00.000Z,WLD/USDT:USDT,21537673.0,90988797.26702543,21537673.0,90988797.26702543
1717970400000,2024-06-09T22:00:00.000Z,WLD/USDT:USDT,21489031.0,90932983.5796,21489031.0,90932983.5796
1717974000000,2024-06-09T23:00:00.000Z,WLD/USDT:USDT,21497077.0,90893940.9714,21497077.0,90893940.9714
1717977600000,2024-06-10T00:00:00.000Z,WLD/USDT:USDT,21535603.0,91330338.7627,21535603.0,91330338.7627
1717981200000,2024-06-10T01:00:00.000Z,WLD/USDT:USDT,21507856.0,90774648.05395344,21507856.0,90774648.05395344
1717984800000,2024-06-10T02:00:00.000Z,WLD/USDT:USDT,21550785.0,90668111.15869665,21550785.0,90668111.15869665
1717988400000,2024-06-10T03:00:00.000Z,WLD/USDT:USDT,21554697.0,90428552.45439261,21554697.0,90428552.45439261
1717992000000,2024-06-10T04:00:00.000Z,WLD/USDT:USDT,21460097.0,89414260.06136192,21460097.0,89414260.06136192
1717995600000,2024-06-10T05:00:00.000Z,WLD/USDT:USDT,21530747.0,89801939.20412855,21530747.0,89801939.20412855
1717999200000,2024-06-10T06:00:00.000Z,WLD/USDT:USDT,21562073.0,89190390.71801378,21562073.0,89190390.71801378
1718002800000,2024-06-10T07:00:00.000Z,WLD/USDT:USDT,21390942.0,87193757.7804,21390942.0,87193757.7804
1718006400000,2024-06-10T08:00:00.000Z,WLD/USDT:USDT,21739946.0,87148201.28578901,21739946.0,87148201.28578901
1718010000000,2024-06-10T09:00:00.000Z,WLD/USDT:USDT,21916812.0,89308817.2188,21916812.0,89308817.2188
1718013600000,2024-06-10T10:00:00.000Z,WLD/USDT:USDT,22378432.0,95272688.799216,22378432.0,95272688.799216
1718017200000,2024-06-10T11:00:00.000Z,WLD/USDT:USDT,22253326.0,94888182.064,22253326.0,94888182.064
1718020800000,2024-06-10T12:00:00.000Z,WLD/USDT:USDT,22238672.0,95326666.41543695,22238672.0,95326666.41543695
1718024400000,2024-06-10T13:00:00.000Z,WLD/USDT:USDT,22206176.0,94407487.42633504,22206176.0,94407487.42633504
1718028000000,2024-06-10T14:00:00.000Z,WLD/USDT:USDT,22243242.0,93770835.2994,22243242.0,93770835.2994
1718031600000,2024-06-10T15:00:00.000Z,WLD/USDT:USDT,22278444.0,95450186.98176049,22278444.0,95450186.98176049
1718035200000,2024-06-10T16:00:00.000Z,WLD/USDT:USDT,22462885.0,97795377.9967357,22462885.0,97795377.9967357
1718038800000,2024-06-10T17:00:00.000Z,WLD/USDT:USDT,22245665.0,95475128.0714647,22245665.0,95475128.0714647
1718042400000,2024-06-10T18:00:00.000Z,WLD/USDT:USDT,22738253.0,97692065.37099548,22738253.0,97692065.37099548
1718046000000,2024-06-10T19:00:00.000Z,WLD/USDT:USDT,23015095.0,97504664.93436505,23015095.0,97504664.93436505
1718049600000,2024-06-10T20:00:00.000Z,WLD/USDT:USDT,22098697.0,91537651.64910877,22098697.0,91537651.64910877
1718053200000,2024-06-10T21:00:00.000Z,WLD/USDT:USDT,21924776.0,89780151.77620088,21924776.0,89780151.77620088
1718056800000,2024-06-10T22:00:00.000Z,WLD/USDT:USDT,21835355.0,88262871.981,21835355.0,88262871.981
